{"timestamp": "2026-08-17T17:27:36.402125+00:00", "tool": "system_info", "category": "system", "policy": "ALLOW", "decision": "ALLOWED", "approved": null, "reason": "read-only"}
{"timestamp": "2026-08-17T17:28:05.835636+00:00", "tool": "system_info", "category": "system", "policy": "ALLOW", "decision": "ALLOWED", "approved": null, "reason": "read-only"}
{"timestamp": "2026-08-19T19:57:00.329733+00:00", "tool": "system_info", "category": "system", "policy": "ALLOW", "decision": "ALLOWED", "approved": null, "reason": "read-only"}
{"timestamp": "2026-08-19T19:57:13.462702+00:00", "tool": "system_info", "category": "system", "policy": "ALLOW", "decision": "ALLOWED", "approved": null, "reason": "read-only"}
{"timestamp": "2026-08-19T19:57:36.141400+00:00", "tool": "open_application", "category": "application", "policy": "ASK", "decision": "ASKED", "approved": null, "reason": ""}
{"timestamp": "2026-08-19T19:57:36.141400+00:00", "tool": "open_application", "category": "application", "policy": "ASK", "decision": "DENIED", "approved": false, "reason": ""}
{"timestamp": "2026-08-19T20:03:42.882334+00:00", "tool": "system_info", "category": "system", "policy": "ALLOW", "decision": "ALLOWED", "approved": null, "reason": "read-only"}
{"timestamp": "2026-08-19T20:04:56.126659+00:00", "tool": "open_application", "category": "application", "policy": "ASK", "decision": "ASKED", "approved": null, "reason": ""}
{"timestamp": "2026-08-19T20:05:03.671347+00:00", "tool": "open_application", "category": "application", "policy": "ASK", "decision": "APPROVED", "approved": true, "reason": ""}
{"timestamp": "2026-08-19T20:06:28.206779+00:00", "tool": "system_info", "category": "system", "policy": "ALLOW", "decision": "ALLOWED", "approved": null, "reason": "read-only"}
{"timestamp": "2026-08-20T17:33:08.320991+00:00", "tool": "test_tool", "category": "general", "policy": "ASK", "decision": "ALLOWED", "approved": null, "reason": "read-only"}
{"timestamp": "2026-08-20T17:33:08.380228+00:00", "tool": "test_tool", "category": "general", "policy": "ASK", "decision": "ALLOWED", "approved": null, "reason": "read-only"}
{"timestamp": "2026-08-20T17:33:21.895012+00:00", "tool": "test_tool", "category": "general", "policy": "ASK", "decision": "ALLOWED", "approved": null, "reason": "read-only"}
{"timestamp": "2026-08-20T17:33:21.922273+00:00", "tool": "test_tool", "category": "general", "policy": "ASK", "decision": "ALLOWED", "approved": null, "reason": "read-only"}
{"timestamp": "2026-08-20T17:34:55.719042+00:00", "tool": "test_tool", "category": "general", "policy": "ASK", "decision": "ALLOWED", "approved": null, "reason": "read-only"}
{"timestamp": "2026-08-20T17:34:55.746246+00:00", "tool": "test_tool", "category": "general", "policy": "ASK", "decision": "ALLOWED", "approved": null, "reason": "read-only"}
{"timestamp": "2026-08-20T17:35:51.543134+00:00", "tool": "test_tool", "category": "general", "policy": "ASK", "decision": "ALLOWED", "approved": null, "reason": "read-only"}
{"timestamp": "2026-08-20T17:35:51.583757+00:00", "tool": "test_tool", "category": "general", "policy": "ASK", "decision": "ALLOWED", "approved": null, "reason": "read-only"}
{"timestamp": "2026-08-20T17:35:58.856258+00:00", "tool": "test_tool", "category": "general", "policy": "ASK", "decision": "ALLOWED", "approved": null, "reason": "read-only"}
{"timestamp": "2026-08-20T17:35:58.906010+00:00", "tool": "test_tool", "category": "general", "policy": "ASK", "decision": "ALLOWED", "approved": null, "reason": "read-only"}
{"timestamp": "2026-08-20T17:36:07.866098+00:00", "tool": "test_tool", "category": "general", "policy": "ASK", "decision": "ALLOWED", "approved": null, "reason": "read-only"}
{"timestamp": "2026-08-20T17:36:07.914092+00:00", "tool": "test_tool", "category": "general", "policy": "ASK", "decision": "ALLOWED", "approved": null, "reason": "read-only"}
{"timestamp": "2026-08-20T17:36:15.511014+00:00", "tool": "test_tool", "category": "general", "policy": "ASK", "decision": "ALLOWED", "approved": null, "reason": "read-only"}
{"timestamp": "2026-08-20T17:36:15.553374+00:00", "tool": "test_tool", "category": "general", "policy": "ASK", "decision": "ALLOWED", "approved": null, "reason": "read-only"}
{"timestamp": "2026-08-20T17:36:23.433727+00:00", "tool": "test_tool", "category": "general", "policy": "ASK", "decision": "ALLOWED", "approved": null, "reason": "read-only"}
{"timestamp": "2026-08-20T17:36:23.480892+00:00", "tool": "test_tool", "category": "general", "policy": "ASK", "decision": "ALLOWED", "approved": null, "reason": "read-only"}
{"timestamp": "2026-08-20T17:36:31.592057+00:00", "tool": "test_tool", "category": "general", "policy": "ASK", "decision": "ALLOWED", "approved": null, "reason": "read-only"}
{"timestamp": "2026-08-20T17:36:31.639398+00:00", "tool": "test_tool", "category": "general", "policy": "ASK", "decision": "ALLOWED", "approved": null, "reason": "read-only"}
{"timestamp": "2026-08-20T17:36:38.478439+00:00", "tool": "test_tool", "category": "general", "policy": "ASK", "decision": "ALLOWED", "approved": null, "reason": "read-only"}
{"timestamp": "2026-08-20T17:36:38.523153+00:00", "tool": "test_tool", "category": "general", "policy": "ASK", "decision": "ALLOWED", "approved": null, "reason": "read-only"}
{"timestamp": "2026-08-20T17:36:45.717088+00:00", "tool": "test_tool", "category": "general", "policy": "ASK", "decision": "ALLOWED", "approved": null, "reason": "read-only"}
{"timestamp": "2026-08-20T17:36:45.764255+00:00", "tool": "test_tool", "category": "general", "policy": "ASK", "decision": "ALLOWED", "approved": null, "reason": "read-only"}
{"timestamp": "2026-08-20T17:36:54.181803+00:00", "tool": "test_tool", "category": "general", "policy": "ASK", "decision": "ALLOWED", "approved": null, "reason": "read-only"}
{"timestamp": "2026-08-20T17:36:54.222702+00:00", "tool": "test_tool", "category": "general", "policy": "ASK", "decision": "ALLOWED", "approved": null, "reason": "read-only"}
{"timestamp": "2026-08-20T17:37:01.568060+00:00", "tool": "test_tool", "category": "general", "policy": "ASK", "decision": "ALLOWED", "approved": null, "reason": "read-only"}
{"timestamp": "2026-08-20T17:37:01.608661+00:00", "tool": "test_tool", "category": "general", "policy": "ASK", "decision": "ALLOWED", "approved": null, "reason": "read-only"}
{"timestamp": "2026-08-20T17:37:09.111770+00:00", "tool": "test_tool", "category": "general", "policy": "ASK", "decision": "ALLOWED", "approved": null, "reason": "read-only"}
{"timestamp": "2026-08-20T17:37:09.161922+00:00", "tool": "test_tool", "category": "general", "policy": "ASK", "decision": "ALLOWED", "approved": null, "reason": "read-only"}
{"timestamp": "2026-08-20T17:37:17.327303+00:00", "tool": "test_tool", "category": "general", "policy": "ASK", "decision": "ALLOWED", "approved": null, "reason": "read-only"}
{"timestamp": "2026-08-20T17:37:17.376092+00:00", "tool": "test_tool", "category": "general", "policy": "ASK", "decision": "ALLOWED", "approved": null, "reason": "read-only"}
{"timestamp": "2026-08-20T17:37:24.715716+00:00", "tool": "test_tool", "category": "general", "policy": "ASK", "decision": "ALLOWED", "approved": null, "reason": "read-only"}
{"timestamp": "2026-08-20T17:37:24.757430+00:00", "tool": "test_tool", "category": "general", "policy": "ASK", "decision": "ALLOWED", "approved": null, "reason": "read-only"}
{"timestamp": "2026-08-20T17:39:20.507175+00:00", "tool": "test_tool", "category": "general", "policy": "ASK", "decision": "ALLOWED", "approved": null, "reason": "read-only"}
{"timestamp": "2026-08-20T17:39:20.535699+00:00", "tool": "test_tool", "category": "general", "policy": "ASK", "decision": "ALLOWED", "approved": null, "reason": "read-only"}
{"timestamp": "2026-08-20T17:46:08.989776+00:00", "tool": "test_tool", "category": "general", "policy": "ASK", "decision": "ALLOWED", "approved": null, "reason": "read-only"}
{"timestamp": "2026-08-20T17:46:09.011535+00:00", "tool": "test_tool", "category": "general", "policy": "ASK", "decision": "ALLOWED", "approved": null, "reason": "read-only"}
{"timestamp": "2026-08-20T17:51:13.923276+00:00", "tool": "test_tool", "category": "general", "policy": "ASK", "decision": "ALLOWED", "approved": null, "reason": "read-only"}
{"timestamp": "2026-08-20T17:51:13.960773+00:00", "tool": "test_tool", "category": "general", "policy": "ASK", "decision": "ALLOWED", "approved": null, "reason": "read-only"}
{"timestamp": "2026-08-20T17:52:03.158470+00:00", "tool": "test_tool", "category": "general", "policy": "ASK", "decision": "ALLOWED", "approved": null, "reason": "read-only"}
{"timestamp": "2026-08-20T17:52:03.174917+00:00", "tool": "test_tool", "category": "general", "policy": "ASK", "decision": "ALLOWED", "approved": null, "reason": "read-only"}
{"timestamp": "2026-08-20T17:58:43.478649+00:00", "tool": "test_tool", "category": "general", "policy": "ASK", "decision": "ALLOWED", "approved": null, "reason": "read-only"}
{"timestamp": "2026-08-20T17:58:43.494504+00:00", "tool": "test_tool", "category": "general", "policy": "ASK", "decision": "ALLOWED", "approved": null, "reason": "read-only"}
{"timestamp": "2026-08-20T18:00:02.190728+00:00", "tool": "test_tool", "category": "general", "policy": "ASK", "decision": "ALLOWED", "approved": null, "reason": "read-only"}
{"timestamp": "2026-08-20T18:00:02.221203+00:00", "tool": "test_tool", "category": "general", "policy": "ASK", "decision": "ALLOWED", "approved": null, "reason": "read-only"}
{"timestamp": "2026-08-20T18:00:14.453284+00:00", "tool": "test_tool", "category": "general", "policy": "ASK", "decision": "ALLOWED", "approved": null, "reason": "read-only"}
{"timestamp": "2026-08-20T18:00:14.472319+00:00", "tool": "test_tool", "category": "general", "policy": "ASK", "decision": "ALLOWED", "approved": null, "reason": "read-only"}
{"timestamp": "2026-08-20T18:14:42.346867+00:00", "tool": "test_tool", "category": "general", "policy": "ASK", "decision": "ALLOWED", "approved": null, "reason": "read-only"}
{"timestamp": "2026-08-20T18:14:42.363144+00:00", "tool": "test_tool", "category": "general", "policy": "ASK", "decision": "ALLOWED", "approved": null, "reason": "read-only"}
{"timestamp": "2026-08-20T18:53:44.821166+00:00", "tool": "test_tool", "category": "general", "policy": "ASK", "decision": "ALLOWED", "approved": null, "reason": "read-only"}
{"timestamp": "2026-08-20T18:53:44.839134+00:00", "tool": "test_tool", "category": "general", "policy": "ASK", "decision": "ALLOWED", "approved": null, "reason": "read-only"}
{"timestamp": "2026-08-20T19:09:29.380726+00:00", "tool": "test_tool", "category": "general", "policy": "ASK", "decision": "ALLOWED", "approved": null, "reason": "read-only"}
{"timestamp": "2026-08-20T19:09:29.394929+00:00", "tool": "test_tool", "category": "general", "policy": "ASK", "decision": "ALLOWED", "approved": null, "reason": "read-only"}
{"timestamp": "2026-08-20T19:12:35.848425+00:00", "tool": "test_tool", "category": "general", "policy": "ASK", "decision": "ALLOWED", "approved": null, "reason": "read-only"}
{"timestamp": "2026-08-20T19:12:35.868642+00:00", "tool": "test_tool", "category": "general", "policy": "ASK", "decision": "ALLOWED", "approved": null, "reason": "read-only"}
{"timestamp": "2026-08-20T19:14:21.400936+00:00", "tool": "test_tool", "category": "general", "policy": "ASK", "decision": "ALLOWED", "approved": null, "reason": "read-only"}
{"timestamp": "2026-08-20T19:14:21.419342+00:00", "tool": "test_tool", "category": "general", "policy": "ASK", "decision": "ALLOWED", "approved": null, "reason": "read-only"}
{"timestamp": "2026-08-20T19:37:22.732055+00:00", "tool": "test_tool", "category": "general", "policy": "ASK", "decision": "ALLOWED", "approved": null, "reason": "read-only"}
{"timestamp": "2026-08-20T19:37:22.752104+00:00", "tool": "test_tool", "category": "general", "policy": "ASK", "decision": "ALLOWED", "approved": null, "reason": "read-only"}
{"timestamp": "2026-08-20T19:59:24.097523+00:00", "tool": "test_tool", "category": "general", "policy": "ASK", "decision": "ALLOWED", "approved": null, "reason": "read-only"}
{"timestamp": "2026-08-20T19:59:24.114997+00:00", "tool": "test_tool", "category": "general", "policy": "ASK", "decision": "ALLOWED", "approved": null, "reason": "read-only"}
{"timestamp": "2026-08-20T20:11:37.362159+00:00", "tool": "test_tool", "category": "general", "policy": "ASK", "decision": "ALLOWED", "approved": null, "reason": "read-only"}
{"timestamp": "2026-08-20T20:11:37.381590+00:00", "tool": "test_tool", "category": "general", "policy": "ASK", "decision": "ALLOWED", "approved": null, "reason": "read-only"}
{"timestamp": "2026-08-20T20:17:20.218503+00:00", "tool": "test_tool", "category": "general", "policy": "ASK", "decision": "ALLOWED", "approved": null, "reason": "read-only"}
{"timestamp": "2026-08-20T20:17:20.236834+00:00", "tool": "test_tool", "category": "general", "policy": "ASK", "decision": "ALLOWED", "approved": null, "reason": "read-only"}
{"timestamp": "2026-08-20T20:19:06.806589+00:00", "tool": "test_tool", "category": "general", "policy": "ASK", "decision": "ALLOWED", "approved": null, "reason": "read-only"}
{"timestamp": "2026-08-20T20:19:06.824541+00:00", "tool": "test_tool", "category": "general", "policy": "ASK", "decision": "ALLOWED", "approved": null, "reason": "read-only"}
{"timestamp": "2026-08-20T20:40:15.809862+00:00", "tool": "test_tool", "category": "general", "policy": "ASK", "decision": "ALLOWED", "approved": null, "reason": "read-only"}
{"timestamp": "2026-08-20T20:40:15.826449+00:00", "tool": "test_tool", "category": "general", "policy": "ASK", "decision": "ALLOWED", "approved": null, "reason": "read-only"}
{"timestamp": "2026-08-20T20:40:48.101639+00:00", "tool": "test_tool", "category": "general", "policy": "ASK", "decision": "ALLOWED", "approved": null, "reason": "read-only"}
{"timestamp": "2026-08-20T20:40:48.120229+00:00", "tool": "test_tool", "category": "general", "policy": "ASK", "decision": "ALLOWED", "approved": null, "reason": "read-only"}
{"timestamp": "2026-08-20T20:42:45.753764+00:00", "tool": "test_tool", "category": "general", "policy": "ASK", "decision": "ALLOWED", "approved": null, "reason": "read-only"}
{"timestamp": "2026-08-20T20:42:45.773625+00:00", "tool": "test_tool", "category": "general", "policy": "ASK", "decision": "ALLOWED", "approved": null, "reason": "read-only"}
{"timestamp": "2026-08-20T20:51:39.425898+00:00", "tool": "test_tool", "category": "general", "policy": "ASK", "decision": "ALLOWED", "approved": null, "reason": "read-only"}
{"timestamp": "2026-08-20T20:51:39.442130+00:00", "tool": "test_tool", "category": "general", "policy": "ASK", "decision": "ALLOWED", "approved": null, "reason": "read-only"}
{"timestamp": "2026-08-20T20:58:58.182902+00:00", "tool": "test_tool", "category": "general", "policy": "ASK", "decision": "ALLOWED", "approved": null, "reason": "read-only"}
{"timestamp": "2026-08-20T20:58:58.200798+00:00", "tool": "test_tool", "category": "general", "policy": "ASK", "decision": "ALLOWED", "approved": null, "reason": "read-only"}
{"timestamp": "2026-08-20T21:16:56.669647+00:00", "tool": "test_tool", "category": "general", "policy": "ASK", "decision": "ALLOWED", "approved": null, "reason": "read-only"}
{"timestamp": "2026-08-20T21:16:56.697570+00:00", "tool": "test_tool", "category": "general", "policy": "ASK", "decision": "ALLOWED", "approved": null, "reason": "read-only"}
{"timestamp": "2026-08-20T21:17:06.012114+00:00", "tool": "test_tool", "category": "general", "policy": "ASK", "decision": "ALLOWED", "approved": null, "reason": "read-only"}
{"timestamp": "2026-08-20T21:17:06.037945+00:00", "tool": "test_tool", "category": "general", "policy": "ASK", "decision": "ALLOWED", "approved": null, "reason": "read-only"}
{"timestamp": "2026-08-20T21:17:07.914887+00:00", "tool": "test_tool", "category": "general", "policy": "ASK", "decision": "ALLOWED", "approved": null, "reason": "read-only"}
{"timestamp": "2026-08-20T21:17:07.937629+00:00", "tool": "test_tool", "category": "general", "policy": "ASK", "decision": "ALLOWED", "approved": null, "reason": "read-only"}
{"timestamp": "2026-08-20T21:31:59.728774+00:00", "tool": "test_tool", "category": "general", "policy": "ASK", "decision": "ALLOWED", "approved": null, "reason": "read-only"}
{"timestamp": "2026-08-20T21:31:59.802231+00:00", "tool": "test_tool", "category": "general", "policy": "ASK", "decision": "ALLOWED", "approved": null, "reason": "read-only"}
{"timestamp": "2026-08-20T21:32:38.259388+00:00", "tool": "test_tool", "category": "general", "policy": "ASK", "decision": "ALLOWED", "approved": null, "reason": "read-only"}
{"timestamp": "2026-08-20T21:32:38.287769+00:00", "tool": "test_tool", "category": "general", "policy": "ASK", "decision": "ALLOWED", "approved": null, "reason": "read-only"}
{"timestamp": "2026-08-20T21:33:26.715514+00:00", "tool": "test_tool", "category": "general", "policy": "ASK", "decision": "ALLOWED", "approved": null, "reason": "read-only"}
{"timestamp": "2026-08-20T21:33:26.735683+00:00", "tool": "test_tool", "category": "general", "policy": "ASK", "decision": "ALLOWED", "approved": null, "reason": "read-only"}
{"timestamp": "2026-08-20T22:07:17.997954+00:00", "tool": "test_tool", "category": "general", "policy": "ASK", "decision": "ALLOWED", "approved": null, "reason": "read-only"}
{"timestamp": "2026-08-20T22:07:18.045448+00:00", "tool": "test_tool", "category": "general", "policy": "ASK", "decision": "ALLOWED", "approved": null, "reason": "read-only"}
{"timestamp": "2026-08-20T22:10:00.108572+00:00", "tool": "test_tool", "category": "general", "policy": "ASK", "decision": "ALLOWED", "approved": null, "reason": "read-only"}
{"timestamp": "2026-08-20T22:10:00.160019+00:00", "tool": "test_tool", "category": "general", "policy": "ASK", "decision": "ALLOWED", "approved": null, "reason": "read-only"}
{"timestamp": "2026-08-20T22:16:38.160558+00:00", "tool": "test_tool", "category": "general", "policy": "ASK", "decision": "ALLOWED", "approved": null, "reason": "read-only"}
{"timestamp": "2026-08-20T22:16:38.208524+00:00", "tool": "test_tool", "category": "general", "policy": "ASK", "decision": "ALLOWED", "approved": null, "reason": "read-only"}
{"timestamp": "2026-08-20T22:45:06.347521+00:00", "tool": "test_tool", "category": "general", "policy": "ASK", "decision": "ALLOWED", "approved": null, "reason": "read-only"}
{"timestamp": "2026-08-20T22:45:06.407362+00:00", "tool": "test_tool", "category": "general", "policy": "ASK", "decision": "ALLOWED", "approved": null, "reason": "read-only"}
{"timestamp": "2026-08-20T22:46:54.414262+00:00", "tool": "test_tool", "category": "general", "policy": "ASK", "decision": "ALLOWED", "approved": null, "reason": "read-only"}
{"timestamp": "2026-08-20T22:46:54.472643+00:00", "tool": "test_tool", "category": "general", "policy": "ASK", "decision": "ALLOWED", "approved": null, "reason": "read-only"}
{"timestamp": "2026-08-21T11:47:56.102873+00:00", "tool": "test_tool", "category": "general", "policy": "ASK", "decision": "ALLOWED", "approved": null, "reason": "read-only"}
{"timestamp": "2026-08-21T11:47:56.149895+00:00", "tool": "test_tool", "category": "general", "policy": "ASK", "decision": "ALLOWED", "approved": null, "reason": "read-only"}
{"timestamp": "2026-08-21T13:14:24.259945+00:00", "tool": "test_tool", "category": "general", "policy": "ASK", "decision": "ALLOWED", "approved": null, "reason": "read-only"}
{"timestamp": "2026-08-21T13:14:24.283809+00:00", "tool": "test_tool", "category": "general", "policy": "ASK", "decision": "ALLOWED", "approved": null, "reason": "read-only"}
{"timestamp": "2026-08-21T14:25:01.460180+00:00", "tool": "open_application", "category": "application", "policy": "ASK", "decision": "ASKED", "approved": null, "reason": ""}
{"timestamp": "2026-08-21T14:25:08.628874+00:00", "tool": "open_application", "category": "application", "policy": "ASK", "decision": "DENIED", "approved": false, "reason": ""}
{"timestamp": "2026-08-21T15:39:01.025980+00:00", "tool": "test_tool", "category": "general", "policy": "ASK", "decision": "ALLOWED", "approved": null, "reason": "read-only"}
{"timestamp": "2026-08-21T15:39:01.049928+00:00", "tool": "test_tool", "category": "general", "policy": "ASK", "decision": "ALLOWED", "approved": null, "reason": "read-only"}
{"timestamp": "2026-08-21T22:43:44.626374+00:00", "tool": "test_tool", "category": "general", "policy": "ASK", "decision": "ALLOWED", "approved": null, "reason": "read-only"}
{"timestamp": "2026-08-21T22:43:44.660043+00:00", "tool": "test_tool", "category": "general", "policy": "ASK", "decision": "ALLOWED", "approved": null, "reason": "read-only"}
{"timestamp": "2026-08-21T23:30:14.961626+00:00", "tool": "test_tool", "category": "general", "policy": "ASK", "decision": "ALLOWED", "approved": null, "reason": "read-only"}
{"timestamp": "2026-08-21T23:30:14.985004+00:00", "tool": "test_tool", "category": "general", "policy": "ASK", "decision": "ALLOWED", "approved": null, "reason": "read-only"}
{"timestamp": "2026-08-22T00:07:18.984470+00:00", "tool": "test_tool", "category": "general", "policy": "ASK", "decision": "ALLOWED", "approved": null, "reason": "read-only"}
{"timestamp": "2026-08-22T00:07:19.007656+00:00", "tool": "test_tool", "category": "general", "policy": "ASK", "decision": "ALLOWED", "approved": null, "reason": "read-only"}
{"timestamp": "2026-08-22T00:48:41.014176+00:00", "tool": "test_tool", "category": "general", "policy": "ASK", "decision": "ALLOWED", "approved": null, "reason": "read-only"}
{"timestamp": "2026-08-22T00:48:41.038131+00:00", "tool": "test_tool", "category": "general", "policy": "ASK", "decision": "ALLOWED", "approved": null, "reason": "read-only"}
{"timestamp": "2026-08-22T16:06:16.533040+00:00", "tool": "test_tool", "category": "general", "policy": "ASK", "decision": "ALLOWED", "approved": null, "reason": "read-only"}
{"timestamp": "2026-08-22T16:06:16.576368+00:00", "tool": "test_tool", "category": "general", "policy": "ASK", "decision": "ALLOWED", "approved": null, "reason": "read-only"}
{"timestamp": "2026-08-22T23:29:48.658932+00:00", "tool": "test_tool", "category": "general", "policy": "ASK", "decision": "ALLOWED", "approved": null, "reason": "read-only"}
{"timestamp": "2026-08-22T23:29:48.702824+00:00", "tool": "test_tool", "category": "general", "policy": "ASK", "decision": "ALLOWED", "approved": null, "reason": "read-only"}
{"timestamp": "2026-08-23T10:04:36.716181+00:00", "tool": "test_tool", "category": "general", "policy": "ASK", "decision": "ALLOWED", "approved": null, "reason": "read-only"}
{"timestamp": "2026-08-23T10:04:36.744493+00:00", "tool": "test_tool", "category": "general", "policy": "ASK", "decision": "ALLOWED", "approved": null, "reason": "read-only"}
{"timestamp": "2026-08-23T10:56:21.404436+00:00", "tool": "test_tool", "category": "general", "policy": "ASK", "decision": "ALLOWED", "approved": null, "reason": "read-only"}
{"timestamp": "2026-08-23T10:56:21.434098+00:00", "tool": "test_tool", "category": "general", "policy": "ASK", "decision": "ALLOWED", "approved": null, "reason": "read-only"}
{"timestamp": "2026-08-23T20:08:25.775745+00:00", "tool": "test_tool", "category": "general", "policy": "ASK", "decision": "ALLOWED", "approved": null, "reason": "read-only"}
{"timestamp": "2026-08-23T20:08:25.805184+00:00", "tool": "test_tool", "category": "general", "policy": "ASK", "decision": "ALLOWED", "approved": null, "reason": "read-only"}
{"timestamp": "2026-08-24T14:11:49.402414+00:00", "tool": "test_tool", "category": "general", "policy": "ASK", "decision": "ALLOWED", "approved": null, "reason": "read-only"}
{"timestamp": "2026-08-24T14:11:49.441277+00:00", "tool": "test_tool", "category": "general", "policy": "ASK", "decision": "ALLOWED", "approved": null, "reason": "read-only"}
{"timestamp": "2026-08-24T15:36:16.216467+00:00", "tool": "test_tool", "category": "general", "policy": "ASK", "decision": "ALLOWED", "approved": null, "reason": "read-only"}
{"timestamp": "2026-08-24T15:36:16.243011+00:00", "tool": "test_tool", "category": "general", "policy": "ASK", "decision": "ALLOWED", "approved": null, "reason": "read-only"}
{"timestamp": "2026-08-24T18:35:19.566467+00:00", "tool": "test_tool", "category": "general", "policy": "ASK", "decision": "ALLOWED", "approved": null, "reason": "read-only"}
{"timestamp": "2026-08-24T18:35:19.598582+00:00", "tool": "test_tool", "category": "general", "policy": "ASK", "decision": "ALLOWED", "approved": null, "reason": "read-only"}
{"timestamp": "2026-08-24T18:51:36.056358+00:00", "tool": "test_tool", "category": "general", "policy": "ASK", "decision": "ALLOWED", "approved": null, "reason": "read-only"}
{"timestamp": "2026-08-24T18:51:36.084914+00:00", "tool": "test_tool", "category": "general", "policy": "ASK", "decision": "ALLOWED", "approved": null, "reason": "read-only"}
{"timestamp": "2026-08-24T18:55:18.047293+00:00", "tool": "test_tool", "category": "general", "policy": "ASK", "decision": "ALLOWED", "approved": null, "reason": "read-only"}
{"timestamp": "2026-08-24T18:55:18.073787+00:00", "tool": "test_tool", "category": "general", "policy": "ASK", "decision": "ALLOWED", "approved": null, "reason": "read-only"}
{"timestamp": "2026-08-24T19:16:10.912929+00:00", "tool": "test_tool", "category": "general", "policy": "ASK", "decision": "ALLOWED", "approved": null, "reason": "read-only"}
{"timestamp": "2026-08-24T19:16:10.941038+00:00", "tool": "test_tool", "category": "general", "policy": "ASK", "decision": "ALLOWED", "approved": null, "reason": "read-only"}
{"timestamp": "2026-08-24T19:45:46.907987+00:00", "tool": "test_tool", "category": "general", "policy": "ASK", "decision": "ALLOWED", "approved": null, "reason": "read-only"}
{"timestamp": "2026-08-24T19:45:46.936402+00:00", "tool": "test_tool", "category": "general", "policy": "ASK", "decision": "ALLOWED", "approved": null, "reason": "read-only"}
{"timestamp": "2026-08-24T19:53:15.539745+00:00", "tool": "test_tool", "category": "general", "policy": "ASK", "decision": "ALLOWED", "approved": null, "reason": "read-only"}
{"timestamp": "2026-08-24T19:53:15.564087+00:00", "tool": "test_tool", "category": "general", "policy": "ASK", "decision": "ALLOWED", "approved": null, "reason": "read-only"}
{"timestamp": "2026-08-24T20:03:14.531051+00:00", "tool": "test_tool", "category": "general", "policy": "ASK", "decision": "ALLOWED", "approved": null, "reason": "read-only"}
{"timestamp": "2026-08-24T20:03:14.557433+00:00", "tool": "test_tool", "category": "general", "policy": "ASK", "decision": "ALLOWED", "approved": null, "reason": "read-only"}
{"timestamp": "2026-08-24T20:10:55.835618+00:00", "tool": "test_tool", "category": "general", "policy": "ASK", "decision": "ALLOWED", "approved": null, "reason": "read-only"}
{"timestamp": "2026-08-24T20:10:55.857943+00:00", "tool": "test_tool", "category": "general", "policy": "ASK", "decision": "ALLOWED", "approved": null, "reason": "read-only"}
{"timestamp": "2026-08-24T20:25:47.264185+00:00", "tool": "test_tool", "category": "general", "policy": "ASK", "decision": "ALLOWED", "approved": null, "reason": "read-only"}
{"timestamp": "2026-08-24T20:25:47.288178+00:00", "tool": "test_tool", "category": "general", "policy": "ASK", "decision": "ALLOWED", "approved": null, "reason": "read-only"}
{"timestamp": "2026-08-24T20:32:25.864308+00:00", "tool": "test_tool", "category": "general", "policy": "ASK", "decision": "ALLOWED", "approved": null, "reason": "read-only"}
{"timestamp": "2026-08-24T20:32:25.887323+00:00", "tool": "test_tool", "category": "general", "policy": "ASK", "decision": "ALLOWED", "approved": null, "reason": "read-only"}
{"timestamp": "2026-08-24T20:39:26.752502+00:00", "tool": "test_tool", "category": "general", "policy": "ASK", "decision": "ALLOWED", "approved": null, "reason": "read-only"}
{"timestamp": "2026-08-24T20:39:26.774734+00:00", "tool": "test_tool", "category": "general", "policy": "ASK", "decision": "ALLOWED", "approved": null, "reason": "read-only"}
{"timestamp": "2026-08-24T20:47:52.663241+00:00", "tool": "test_tool", "category": "general", "policy": "ASK", "decision": "ALLOWED", "approved": null, "reason": "read-only"}
{"timestamp": "2026-08-24T20:47:52.690898+00:00", "tool": "test_tool", "category": "general", "policy": "ASK", "decision": "ALLOWED", "approved": null, "reason": "read-only"}
{"timestamp": "2026-08-24T21:47:50.986145+00:00", "tool": "test_tool", "category": "general", "policy": "ASK", "decision": "ALLOWED", "approved": null, "reason": "read-only"}
{"timestamp": "2026-08-24T21:47:51.012496+00:00", "tool": "test_tool", "category": "general", "policy": "ASK", "decision": "ALLOWED", "approved": null, "reason": "read-only"}
{"timestamp": "2026-08-24T22:05:29.031790+00:00", "tool": "test_tool", "category": "general", "policy": "ASK", "decision": "ALLOWED", "approved": null, "reason": "read-only"}
{"timestamp": "2026-08-24T22:05:29.095327+00:00", "tool": "test_tool", "category": "general", "policy": "ASK", "decision": "ALLOWED", "approved": null, "reason": "read-only"}
{"timestamp": "2026-08-24T22:13:03.078489+00:00", "tool": "test_tool", "category": "general", "policy": "ASK", "decision": "ALLOWED", "approved": null, "reason": "read-only"}
{"timestamp": "2026-08-24T22:13:03.145524+00:00", "tool": "test_tool", "category": "general", "policy": "ASK", "decision": "ALLOWED", "approved": null, "reason": "read-only"}
{"timestamp": "2026-08-24T22:19:05.352909+00:00", "tool": "test_tool", "category": "general", "policy": "ASK", "decision": "ALLOWED", "approved": null, "reason": "read-only"}
{"timestamp": "2026-08-24T22:19:05.388535+00:00", "tool": "test_tool", "category": "general", "policy": "ASK", "decision": "ALLOWED", "approved": null, "reason": "read-only"}
{"timestamp": "2026-08-24T22:32:22.184592+00:00", "tool": "test_tool", "category": "general", "policy": "ASK", "decision": "ALLOWED", "approved": null, "reason": "read-only"}
{"timestamp": "2026-08-24T22:32:22.211943+00:00", "tool": "test_tool", "category": "general", "policy": "ASK", "decision": "ALLOWED", "approved": null, "reason": "read-only"}
{"timestamp": "2026-08-24T23:17:55.116934+00:00", "tool": "test_tool", "category": "general", "policy": "ASK", "decision": "ALLOWED", "approved": null, "reason": "read-only"}
{"timestamp": "2026-08-24T23:17:55.145670+00:00", "tool": "test_tool", "category": "general", "policy": "ASK", "decision": "ALLOWED", "approved": null, "reason": "read-only"}
{"timestamp": "2026-08-25T05:32:26.515272+00:00", "tool": "test_tool", "category": "general", "policy": "ASK", "decision": "ALLOWED", "approved": null, "reason": "read-only"}
{"timestamp": "2026-08-25T05:32:26.542910+00:00", "tool": "test_tool", "category": "general", "policy": "ASK", "decision": "ALLOWED", "approved": null, "reason": "read-only"}
{"timestamp": "2026-08-25T06:39:13.487082+00:00", "tool": "test_tool", "category": "general", "policy": "ASK", "decision": "ALLOWED", "approved": null, "reason": "read-only"}
{"timestamp": "2026-08-25T06:39:13.531748+00:00", "tool": "test_tool", "category": "general", "policy": "ASK", "decision": "ALLOWED", "approved": null, "reason": "read-only"}
{"timestamp": "2026-08-25T08:18:45.834162+00:00", "tool": "test_tool", "category": "general", "policy": "ASK", "decision": "ALLOWED", "approved": null, "reason": "read-only"}
{"timestamp": "2026-08-25T08:18:45.870167+00:00", "tool": "test_tool", "category": "general", "policy": "ASK", "decision": "ALLOWED", "approved": null, "reason": "read-only"}
{"timestamp": "2026-08-25T08:50:46.175406+00:00", "tool": "test_tool", "category": "general", "policy": "ASK", "decision": "ALLOWED", "approved": null, "reason": "read-only"}
{"timestamp": "2026-08-25T08:50:46.203436+00:00", "tool": "test_tool", "category": "general", "policy": "ASK", "decision": "ALLOWED", "approved": null, "reason": "read-only"}
{"timestamp": "2026-08-25T08:58:17.124766+00:00", "tool": "test_tool", "category": "general", "policy": "ASK", "decision": "ALLOWED", "approved": null, "reason": "read-only"}
{"timestamp": "2026-08-25T08:58:17.156336+00:00", "tool": "test_tool", "category": "general", "policy": "ASK", "decision": "ALLOWED", "approved": null, "reason": "read-only"}
{"timestamp": "2026-08-25T09:23:34.805502+00:00", "tool": "test_tool", "category": "general", "policy": "ASK", "decision": "ALLOWED", "approved": null, "reason": "read-only"}
{"timestamp": "2026-08-25T09:23:34.832273+00:00", "tool": "test_tool", "category": "general", "policy": "ASK", "decision": "ALLOWED", "approved": null, "reason": "read-only"}
{"timestamp": "2026-08-25T09:30:59.848474+00:00", "tool": "test_tool", "category": "general", "policy": "ASK", "decision": "ALLOWED", "approved": null, "reason": "read-only"}
{"timestamp": "2026-08-25T09:30:59.874884+00:00", "tool": "test_tool", "category": "general", "policy": "ASK", "decision": "ALLOWED", "approved": null, "reason": "read-only"}
{"timestamp": "2026-08-25T10:13:23.409658+00:00", "tool": "test_tool", "category": "general", "policy": "ASK", "decision": "ALLOWED", "approved": null, "reason": "read-only"}
{"timestamp": "2026-08-25T10:13:23.437523+00:00", "tool": "test_tool", "category": "general", "policy": "ASK", "decision": "ALLOWED", "approved": null, "reason": "read-only"}
{"timestamp": "2026-08-25T10:35:41.363013+00:00", "tool": "test_tool", "category": "general", "policy": "ASK", "decision": "ALLOWED", "approved": null, "reason": "read-only"}
{"timestamp": "2026-08-25T10:35:41.407491+00:00", "tool": "test_tool", "category": "general", "policy": "ASK", "decision": "ALLOWED", "approved": null, "reason": "read-only"}
{"timestamp": "2026-08-25T10:50:11.828116+00:00", "tool": "test_tool", "category": "general", "policy": "ASK", "decision": "ALLOWED", "approved": null, "reason": "read-only"}
{"timestamp": "2026-08-25T10:50:11.852300+00:00", "tool": "test_tool", "category": "general", "policy": "ASK", "decision": "ALLOWED", "approved": null, "reason": "read-only"}
{"timestamp": "2026-08-25T10:56:50.506172+00:00", "tool": "test_tool", "category": "general", "policy": "ASK", "decision": "ALLOWED", "approved": null, "reason": "read-only"}
{"timestamp": "2026-08-25T10:56:50.537450+00:00", "tool": "test_tool", "category": "general", "policy": "ASK", "decision": "ALLOWED", "approved": null, "reason": "read-only"}
{"timestamp": "2026-08-25T11:44:37.760187+00:00", "tool": "test_tool", "category": "general", "policy": "ASK", "decision": "ALLOWED", "approved": null, "reason": "read-only"}
{"timestamp": "2026-08-25T11:44:37.784159+00:00", "tool": "test_tool", "category": "general", "policy": "ASK", "decision": "ALLOWED", "approved": null, "reason": "read-only"}
{"timestamp": "2026-08-25T11:55:29.488787+00:00", "tool": "test_tool", "category": "general", "policy": "ASK", "decision": "ALLOWED", "approved": null, "reason": "read-only"}
{"timestamp": "2026-08-25T11:55:29.511339+00:00", "tool": "test_tool", "category": "general", "policy": "ASK", "decision": "ALLOWED", "approved": null, "reason": "read-only"}
{"timestamp": "2026-08-25T15:12:42.740582+00:00", "tool": "test_tool", "category": "general", "policy": "ASK", "decision": "ALLOWED", "approved": null, "reason": "read-only"}
{"timestamp": "2026-08-25T15:12:42.770972+00:00", "tool": "test_tool", "category": "general", "policy": "ASK", "decision": "ALLOWED", "approved": null, "reason": "read-only"}
{"timestamp": "2026-08-26T10:13:50.207559+00:00", "tool": "test_tool", "category": "general", "policy": "ASK", "decision": "ALLOWED", "approved": null, "reason": "read-only"}
{"timestamp": "2026-08-26T10:13:50.233378+00:00", "tool": "test_tool", "category": "general", "policy": "ASK", "decision": "ALLOWED", "approved": null, "reason": "read-only"}
{"timestamp": "2026-08-26T12:20:00.275862+00:00", "tool": "test_tool", "category": "general", "policy": "ASK", "decision": "ALLOWED", "approved": null, "reason": "read-only"}
{"timestamp": "2026-08-26T12:20:00.306639+00:00", "tool": "test_tool", "category": "general", "policy": "ASK", "decision": "ALLOWED", "approved": null, "reason": "read-only"}
{"timestamp": "2026-08-26T12:45:41.779201+00:00", "tool": "test_tool", "category": "general", "policy": "ASK", "decision": "ALLOWED", "approved": null, "reason": "read-only"}
{"timestamp": "2026-08-26T12:45:41.799826+00:00", "tool": "test_tool", "category": "general", "policy": "ASK", "decision": "ALLOWED", "approved": null, "reason": "read-only"}
{"timestamp": "2026-08-26T13:04:44.287443+00:00", "tool": "test_tool", "category": "general", "policy": "ASK", "decision": "ALLOWED", "approved": null, "reason": "read-only"}
{"timestamp": "2026-08-26T13:04:44.311942+00:00", "tool": "test_tool", "category": "general", "policy": "ASK", "decision": "ALLOWED", "approved": null, "reason": "read-only"}
{"timestamp": "2026-08-26T16:18:44.670750+00:00", "tool": "test_tool", "category": "general", "policy": "ASK", "decision": "ALLOWED", "approved": null, "reason": "read-only"}
{"timestamp": "2026-08-26T16:18:44.697167+00:00", "tool": "test_tool", "category": "general", "policy": "ASK", "decision": "ALLOWED", "approved": null, "reason": "read-only"}
{"timestamp": "2026-08-26T16:30:46.265493+00:00", "tool": "test_tool", "category": "general", "policy": "ASK", "decision": "ALLOWED", "approved": null, "reason": "read-only"}
{"timestamp": "2026-08-26T16:30:46.293323+00:00", "tool": "test_tool", "category": "general", "policy": "ASK", "decision": "ALLOWED", "approved": null, "reason": "read-only"}
{"timestamp": "2026-08-26T19:43:10.229715+00:00", "tool": "test_tool", "category": "general", "policy": "ASK", "decision": "ALLOWED", "approved": null, "reason": "read-only"}
{"timestamp": "2026-08-26T19:43:10.269138+00:00", "tool": "test_tool", "category": "general", "policy": "ASK", "decision": "ALLOWED", "approved": null, "reason": "read-only"}
{"timestamp": "2026-08-26T20:04:13.220139+00:00", "tool": "test_tool", "category": "general", "policy": "ASK", "decision": "ALLOWED", "approved": null, "reason": "read-only"}
{"timestamp": "2026-08-26T20:04:13.242489+00:00", "tool": "test_tool", "category": "general", "policy": "ASK", "decision": "ALLOWED", "approved": null, "reason": "read-only"}
{"timestamp": "2026-08-26T21:50:58.989879+00:00", "tool": "test_tool", "category": "general", "policy": "ASK", "decision": "ALLOWED", "approved": null, "reason": "read-only"}
{"timestamp": "2026-08-26T21:50:59.014804+00:00", "tool": "test_tool", "category": "general", "policy": "ASK", "decision": "ALLOWED", "approved": null, "reason": "read-only"}
{"timestamp": "2026-08-27T13:59:59.570797+00:00", "tool": "test_tool", "category": "general", "policy": "ASK", "decision": "ALLOWED", "approved": null, "reason": "read-only"}
{"timestamp": "2026-08-27T13:59:59.605608+00:00", "tool": "test_tool", "category": "general", "policy": "ASK", "decision": "ALLOWED", "approved": null, "reason": "read-only"}
{"timestamp": "2026-08-27T14:46:41.971021+00:00", "tool": "test_tool", "category": "general", "policy": "ASK", "decision": "ALLOWED", "approved": null, "reason": "read-only"}
{"timestamp": "2026-08-27T14:46:42.001066+00:00", "tool": "test_tool", "category": "general", "policy": "ASK", "decision": "ALLOWED", "approved": null, "reason": "read-only"}
{"timestamp": "2026-08-27T15:19:43.064472+00:00", "tool": "test_tool", "category": "general", "policy": "ASK", "decision": "ALLOWED", "approved": null, "reason": "read-only"}
{"timestamp": "2026-08-27T15:19:43.099713+00:00", "tool": "test_tool", "category": "general", "policy": "ASK", "decision": "ALLOWED", "approved": null, "reason": "read-only"}
{"timestamp": "2026-08-27T16:00:57.628113+00:00", "tool": "test_tool", "category": "general", "policy": "ASK", "decision": "ALLOWED", "approved": null, "reason": "read-only"}
{"timestamp": "2026-08-27T16:00:57.655813+00:00", "tool": "test_tool", "category": "general", "policy": "ASK", "decision": "ALLOWED", "approved": null, "reason": "read-only"}
{"timestamp": "2026-08-27T16:23:12.235696+00:00", "tool": "test_tool", "category": "general", "policy": "ASK", "decision": "ALLOWED", "approved": null, "reason": "read-only"}
{"timestamp": "2026-08-27T16:23:12.265551+00:00", "tool": "test_tool", "category": "general", "policy": "ASK", "decision": "ALLOWED", "approved": null, "reason": "read-only"}
{"timestamp": "2026-08-27T17:10:36.841399+00:00", "tool": "test_tool", "category": "general", "policy": "ASK", "decision": "ALLOWED", "approved": null, "reason": "read-only"}
{"timestamp": "2026-08-27T17:10:36.872717+00:00", "tool": "test_tool", "category": "general", "policy": "ASK", "decision": "ALLOWED", "approved": null, "reason": "read-only"}
{"timestamp": "2026-08-27T17:38:52.619672+00:00", "tool": "test_tool", "category": "general", "policy": "ASK", "decision": "ALLOWED", "approved": null, "reason": "read-only"}
{"timestamp": "2026-08-27T17:38:52.646173+00:00", "tool": "test_tool", "category": "general", "policy": "ASK", "decision": "ALLOWED", "approved": null, "reason": "read-only"}
{"timestamp": "2026-08-27T17:51:04.460490+00:00", "tool": "test_tool", "category": "general", "policy": "ASK", "decision": "ALLOWED", "approved": null, "reason": "read-only"}
{"timestamp": "2026-08-27T17:51:04.491419+00:00", "tool": "test_tool", "category": "general", "policy": "ASK", "decision": "ALLOWED", "approved": null, "reason": "read-only"}
{"timestamp": "2026-08-27T18:16:50.314344+00:00", "tool": "test_tool", "category": "general", "policy": "ASK", "decision": "ALLOWED", "approved": null, "reason": "read-only"}
{"timestamp": "2026-08-27T18:16:50.343682+00:00", "tool": "test_tool", "category": "general", "policy": "ASK", "decision": "ALLOWED", "approved": null, "reason": "read-only"}
{"timestamp": "2026-08-27T18:30:04.350201+00:00", "tool": "test_tool", "category": "general", "policy": "ASK", "decision": "ALLOWED", "approved": null, "reason": "read-only"}
{"timestamp": "2026-08-27T18:30:04.377442+00:00", "tool": "test_tool", "category": "general", "policy": "ASK", "decision": "ALLOWED", "approved": null, "reason": "read-only"}
{"timestamp": "2026-08-27T19:01:28.825714+00:00", "tool": "test_tool", "category": "general", "policy": "ASK", "decision": "ALLOWED", "approved": null, "reason": "read-only"}
{"timestamp": "2026-08-27T19:01:28.857151+00:00", "tool": "test_tool", "category": "general", "policy": "ASK", "decision": "ALLOWED", "approved": null, "reason": "read-only"}
{"timestamp": "2026-08-27T19:47:47.468812+00:00", "tool": "test_tool", "category": "general", "policy": "ASK", "decision": "ALLOWED", "approved": null, "reason": "read-only"}
{"timestamp": "2026-08-27T19:47:47.499073+00:00", "tool": "test_tool", "category": "general", "policy": "ASK", "decision": "ALLOWED", "approved": null, "reason": "read-only"}
{"timestamp": "2026-08-27T20:43:30.221686+00:00", "tool": "test_tool", "category": "general", "policy": "ASK", "decision": "ALLOWED", "approved": null, "reason": "read-only"}
{"timestamp": "2026-08-27T20:43:30.250467+00:00", "tool": "test_tool", "category": "general", "policy": "ASK", "decision": "ALLOWED", "approved": null, "reason": "read-only"}
{"timestamp": "2026-08-27T21:33:20.453683+00:00", "tool": "test_tool", "category": "general", "policy": "ASK", "decision": "ALLOWED", "approved": null, "reason": "read-only"}
{"timestamp": "2026-08-27T21:33:20.481928+00:00", "tool": "test_tool", "category": "general", "policy": "ASK", "decision": "ALLOWED", "approved": null, "reason": "read-only"}
{"timestamp": "2026-08-27T21:58:28.839251+00:00", "tool": "test_tool", "category": "general", "policy": "ASK", "decision": "ALLOWED", "approved": null, "reason": "read-only"}
{"timestamp": "2026-08-27T21:58:28.868613+00:00", "tool": "test_tool", "category": "general", "policy": "ASK", "decision": "ALLOWED", "approved": null, "reason": "read-only"}
{"timestamp": "2026-08-27T22:10:36.279974+00:00", "tool": "test_tool", "category": "general", "policy": "ASK", "decision": "ALLOWED", "approved": null, "reason": "read-only"}
{"timestamp": "2026-08-27T22:10:36.358163+00:00", "tool": "test_tool", "category": "general", "policy": "ASK", "decision": "ALLOWED", "approved": null, "reason": "read-only"}
{"timestamp": "2026-08-27T22:29:08.880005+00:00", "tool": "test_tool", "category": "general", "policy": "ASK", "decision": "ALLOWED", "approved": null, "reason": "read-only"}
{"timestamp": "2026-08-27T22:29:08.954513+00:00", "tool": "test_tool", "category": "general", "policy": "ASK", "decision": "ALLOWED", "approved": null, "reason": "read-only"}
{"timestamp": "2026-08-27T23:00:40.821230+00:00", "tool": "test_tool", "category": "general", "policy": "ASK", "decision": "ALLOWED", "approved": null, "reason": "read-only"}
{"timestamp": "2026-08-27T23:00:40.899214+00:00", "tool": "test_tool", "category": "general", "policy": "ASK", "decision": "ALLOWED", "approved": null, "reason": "read-only"}
{"timestamp": "2026-08-27T23:59:13.836335+00:00", "tool": "test_tool", "category": "general", "policy": "ASK", "decision": "ALLOWED", "approved": null, "reason": "read-only"}
{"timestamp": "2026-08-27T23:59:13.903727+00:00", "tool": "test_tool", "category": "general", "policy": "ASK", "decision": "ALLOWED", "approved": null, "reason": "read-only"}
{"timestamp": "2026-08-28T10:01:54.383167+00:00", "tool": "test_tool", "category": "general", "policy": "ASK", "decision": "ALLOWED", "approved": null, "reason": "read-only"}
{"timestamp": "2026-08-28T10:01:54.417701+00:00", "tool": "test_tool", "category": "general", "policy": "ASK", "decision": "ALLOWED", "approved": null, "reason": "read-only"}
{"timestamp": "2026-08-28T15:42:42.477408+00:00", "tool": "test_tool", "category": "general", "policy": "ASK", "decision": "ALLOWED", "approved": null, "reason": "read-only"}
{"timestamp": "2026-08-28T15:42:42.519973+00:00", "tool": "test_tool", "category": "general", "policy": "ASK", "decision": "ALLOWED", "approved": null, "reason": "read-only"}
{"timestamp": "2026-08-28T16:29:39.498072+00:00", "tool": "test_tool", "category": "general", "policy": "ASK", "decision": "ALLOWED", "approved": null, "reason": "read-only"}
{"timestamp": "2026-08-28T16:29:39.534284+00:00", "tool": "test_tool", "category": "general", "policy": "ASK", "decision": "ALLOWED", "approved": null, "reason": "read-only"}
{"timestamp": "2026-08-28T18:17:20.752805+00:00", "tool": "test_tool", "category": "general", "policy": "ASK", "decision": "ALLOWED", "approved": null, "reason": "read-only"}
{"timestamp": "2026-08-28T18:17:20.785683+00:00", "tool": "test_tool", "category": "general", "policy": "ASK", "decision": "ALLOWED", "approved": null, "reason": "read-only"}
{"timestamp": "2026-08-28T19:19:09.578044+00:00", "tool": "test_tool", "category": "general", "policy": "ASK", "decision": "ALLOWED", "approved": null, "reason": "read-only"}
{"timestamp": "2026-08-28T19:19:09.649490+00:00", "tool": "test_tool", "category": "general", "policy": "ASK", "decision": "ALLOWED", "approved": null, "reason": "read-only"}
{"timestamp": "2026-08-28T19:40:35.086833+00:00", "tool": "test_tool", "category": "general", "policy": "ASK", "decision": "ALLOWED", "approved": null, "reason": "read-only"}
{"timestamp": "2026-08-28T19:40:35.120766+00:00", "tool": "test_tool", "category": "general", "policy": "ASK", "decision": "ALLOWED", "approved": null, "reason": "read-only"}
{"timestamp": "2026-08-29T12:28:32.912628+00:00", "tool": "test_tool", "category": "general", "policy": "ASK", "decision": "ALLOWED", "approved": null, "reason": "read-only"}
{"timestamp": "2026-08-29T12:28:32.994937+00:00", "tool": "test_tool", "category": "general", "policy": "ASK", "decision": "ALLOWED", "approved": null, "reason": "read-only"}
{"timestamp": "2026-08-29T12:28:53.502715+00:00", "tool": "test_tool", "category": "general", "policy": "ASK", "decision": "ALLOWED", "approved": null, "reason": "read-only"}
{"timestamp": "2026-08-29T12:28:53.558734+00:00", "tool": "test_tool", "category": "general", "policy": "ASK", "decision": "ALLOWED", "approved": null, "reason": "read-only"}
{"timestamp": "2026-08-29T17:21:23.693143+00:00", "tool": "test_tool", "category": "general", "policy": "ASK", "decision": "ALLOWED", "approved": null, "reason": "read-only"}
{"timestamp": "2026-08-29T17:21:23.730692+00:00", "tool": "test_tool", "category": "general", "policy": "ASK", "decision": "ALLOWED", "approved": null, "reason": "read-only"}
{"timestamp": "2026-08-29T17:44:35.016533+00:00", "tool": "test_tool", "category": "general", "policy": "ASK", "decision": "ALLOWED", "approved": null, "reason": "read-only"}
{"timestamp": "2026-08-29T17:44:35.051019+00:00", "tool": "test_tool", "category": "general", "policy": "ASK", "decision": "ALLOWED", "approved": null, "reason": "read-only"}
{"timestamp": "2026-08-29T18:56:14.857336+00:00", "tool": "test_tool", "category": "general", "policy": "ASK", "decision": "ALLOWED", "approved": null, "reason": "read-only"}
{"timestamp": "2026-08-29T18:56:14.898781+00:00", "tool": "test_tool", "category": "general", "policy": "ASK", "decision": "ALLOWED", "approved": null, "reason": "read-only"}
{"timestamp": "2026-08-29T19:50:20.783667+00:00", "tool": "test_tool", "category": "general", "policy": "ASK", "decision": "ALLOWED", "approved": null, "reason": "read-only"}
{"timestamp": "2026-08-29T19:50:20.837466+00:00", "tool": "test_tool", "category": "general", "policy": "ASK", "decision": "ALLOWED", "approved": null, "reason": "read-only"}
{"timestamp": "2026-08-29T20:00:42.001173+00:00", "tool": "test_tool", "category": "general", "policy": "ASK", "decision": "ALLOWED", "approved": null, "reason": "read-only"}
{"timestamp": "2026-08-29T20:00:42.043194+00:00", "tool": "test_tool", "category": "general", "policy": "ASK", "decision": "ALLOWED", "approved": null, "reason": "read-only"}
{"timestamp": "2026-08-29T21:28:25.696933+00:00", "tool": "test_tool", "category": "general", "policy": "ASK", "decision": "ALLOWED", "approved": null, "reason": "read-only"}
{"timestamp": "2026-08-29T21:28:25.723787+00:00", "tool": "test_tool", "category": "general", "policy": "ASK", "decision": "ALLOWED", "approved": null, "reason": "read-only"}
{"timestamp": "2026-08-29T22:19:13.069966+00:00", "tool": "test_tool", "category": "general", "policy": "ASK", "decision": "ALLOWED", "approved": null, "reason": "read-only"}
{"timestamp": "2026-08-29T22:19:13.179641+00:00", "tool": "test_tool", "category": "general", "policy": "ASK", "decision": "ALLOWED", "approved": null, "reason": "read-only"}
{"timestamp": "2026-08-30T00:28:09.390970+00:00", "tool": "test_tool", "category": "general", "policy": "ASK", "decision": "ALLOWED", "approved": null, "reason": "read-only"}
{"timestamp": "2026-08-30T00:28:09.433370+00:00", "tool": "test_tool", "category": "general", "policy": "ASK", "decision": "ALLOWED", "approved": null, "reason": "read-only"}
{"timestamp": "2026-08-30T00:38:09.820295+00:00", "tool": "test_tool", "category": "general", "policy": "ASK", "decision": "ALLOWED", "approved": null, "reason": "read-only"}
{"timestamp": "2026-08-30T00:38:09.863340+00:00", "tool": "test_tool", "category": "general", "policy": "ASK", "decision": "ALLOWED", "approved": null, "reason": "read-only"}
{"timestamp": "2026-08-30T00:48:11.357184+00:00", "tool": "test_tool", "category": "general", "policy": "ASK", "decision": "ALLOWED", "approved": null, "reason": "read-only"}
{"timestamp": "2026-08-30T00:48:11.400744+00:00", "tool": "test_tool", "category": "general", "policy": "ASK", "decision": "ALLOWED", "approved": null, "reason": "read-only"}
{"timestamp": "2026-08-30T02:01:43.400771+00:00", "tool": "test_tool", "category": "general", "policy": "ASK", "decision": "ALLOWED", "approved": null, "reason": "read-only"}
{"timestamp": "2026-08-30T02:01:43.433525+00:00", "tool": "test_tool", "category": "general", "policy": "ASK", "decision": "ALLOWED", "approved": null, "reason": "read-only"}
{"timestamp": "2026-08-30T02:15:45.293317+00:00", "tool": "test_tool", "category": "general", "policy": "ASK", "decision": "ALLOWED", "approved": null, "reason": "read-only"}
{"timestamp": "2026-08-30T02:15:45.327516+00:00", "tool": "test_tool", "category": "general", "policy": "ASK", "decision": "ALLOWED", "approved": null, "reason": "read-only"}
{"timestamp": "2026-08-30T09:23:18.567644+00:00", "tool": "test_tool", "category": "general", "policy": "ASK", "decision": "ALLOWED", "approved": null, "reason": "read-only"}
{"timestamp": "2026-08-30T09:23:18.614719+00:00", "tool": "test_tool", "category": "general", "policy": "ASK", "decision": "ALLOWED", "approved": null, "reason": "read-only"}
{"timestamp": "2026-08-30T16:28:01.289158+00:00", "tool": "test_tool", "category": "general", "policy": "ASK", "decision": "ALLOWED", "approved": null, "reason": "read-only"}
{"timestamp": "2026-08-30T16:28:01.322008+00:00", "tool": "test_tool", "category": "general", "policy": "ASK", "decision": "ALLOWED", "approved": null, "reason": "read-only"}
{"timestamp": "2026-08-30T18:11:55.097097+00:00", "tool": "write_file", "category": "file", "policy": "DENY", "decision": "BLOCKED", "approved": null, "reason": "policy=DENY"}
{"timestamp": "2026-08-30T18:11:55.099113+00:00", "tool": "write_file", "category": "file", "policy": "ALLOW", "decision": "ALLOWED", "approved": null, "reason": ""}
{"timestamp": "2026-08-30T18:11:55.101119+00:00", "tool": "write_file", "category": "file", "policy": "ASK", "decision": "ASKED", "approved": null, "reason": ""}
{"timestamp": "2026-08-30T18:11:55.102129+00:00", "tool": "write_file", "category": "file", "policy": "ASK", "decision": "APPROVED", "approved": true, "reason": ""}
{"timestamp": "2026-08-30T18:11:55.104472+00:00", "tool": "write_file", "category": "file", "policy": "ASK", "decision": "ASKED", "approved": null, "reason": ""}
{"timestamp": "2026-08-30T18:11:55.104472+00:00", "tool": "write_file", "category": "file", "policy": "ASK", "decision": "APPROVED", "approved": true, "reason": ""}
{"timestamp": "2026-08-30T18:11:55.106478+00:00", "tool": "write_file", "category": "file", "policy": "DENY", "decision": "BLOCKED", "approved": null, "reason": "policy=DENY"}
{"timestamp": "2026-08-30T18:11:55.107508+00:00", "tool": "write_file", "category": "file", "policy": "ASK", "decision": "ASKED", "approved": null, "reason": ""}
{"timestamp": "2026-08-30T18:11:55.107508+00:00", "tool": "write_file", "category": "file", "policy": "ASK", "decision": "APPROVED", "approved": true, "reason": ""}
{"timestamp": "2026-08-30T18:12:04.423511+00:00", "tool": "test_tool", "category": "general", "policy": "ASK", "decision": "ALLOWED", "approved": null, "reason": "read-only"}
{"timestamp": "2026-08-30T18:12:04.444341+00:00", "tool": "test_tool", "category": "general", "policy": "ASK", "decision": "ALLOWED", "approved": null, "reason": "read-only"}
{"timestamp": "2026-08-30T18:15:47.947126+00:00", "tool": "write_file", "category": "file", "policy": "DENY", "decision": "BLOCKED", "approved": null, "reason": "policy=DENY"}
{"timestamp": "2026-08-30T18:15:47.949127+00:00", "tool": "write_file", "category": "file", "policy": "ALLOW", "decision": "ALLOWED", "approved": null, "reason": ""}
{"timestamp": "2026-08-30T18:15:47.952152+00:00", "tool": "write_file", "category": "file", "policy": "ASK", "decision": "ASKED", "approved": null, "reason": ""}
{"timestamp": "2026-08-30T18:15:47.952152+00:00", "tool": "write_file", "category": "file", "policy": "ASK", "decision": "APPROVED", "approved": true, "reason": ""}
{"timestamp": "2026-08-30T18:15:47.954511+00:00", "tool": "write_file", "category": "file", "policy": "ASK", "decision": "ASKED", "approved": null, "reason": ""}
{"timestamp": "2026-08-30T18:15:47.955511+00:00", "tool": "write_file", "category": "file", "policy": "ASK", "decision": "APPROVED", "approved": true, "reason": ""}
{"timestamp": "2026-08-30T18:15:47.958016+00:00", "tool": "write_file", "category": "file", "policy": "DENY", "decision": "BLOCKED", "approved": null, "reason": "policy=DENY"}
{"timestamp": "2026-08-30T18:15:47.959016+00:00", "tool": "write_file", "category": "file", "policy": "ASK", "decision": "ASKED", "approved": null, "reason": ""}
{"timestamp": "2026-08-30T18:15:47.959016+00:00", "tool": "write_file", "category": "file", "policy": "ASK", "decision": "APPROVED", "approved": true, "reason": ""}
{"timestamp": "2026-08-30T18:18:32.780227+00:00", "tool": "test_tool", "category": "general", "policy": "ASK", "decision": "ALLOWED", "approved": null, "reason": "read-only"}
{"timestamp": "2026-08-30T18:18:32.805559+00:00", "tool": "test_tool", "category": "general", "policy": "ASK", "decision": "ALLOWED", "approved": null, "reason": "read-only"}
{"timestamp": "2026-08-30T18:26:46.222763+00:00", "tool": "write_file", "category": "file", "policy": "DENY", "decision": "BLOCKED", "approved": null, "reason": "policy=DENY"}
{"timestamp": "2026-08-30T18:26:46.224671+00:00", "tool": "write_file", "category": "file", "policy": "ALLOW", "decision": "ALLOWED", "approved": null, "reason": ""}
{"timestamp": "2026-08-30T18:26:46.227912+00:00", "tool": "write_file", "category": "file", "policy": "ASK", "decision": "ASKED", "approved": null, "reason": ""}
{"timestamp": "2026-08-30T18:26:46.227912+00:00", "tool": "write_file", "category": "file", "policy": "ASK", "decision": "APPROVED", "approved": true, "reason": ""}
{"timestamp": "2026-08-30T18:26:46.230425+00:00", "tool": "write_file", "category": "file", "policy": "ASK", "decision": "ASKED", "approved": null, "reason": ""}
{"timestamp": "2026-08-30T18:26:46.230425+00:00", "tool": "write_file", "category": "file", "policy": "ASK", "decision": "APPROVED", "approved": true, "reason": ""}
{"timestamp": "2026-08-30T18:26:46.233237+00:00", "tool": "write_file", "category": "file", "policy": "DENY", "decision": "BLOCKED", "approved": null, "reason": "policy=DENY"}
{"timestamp": "2026-08-30T18:26:46.233237+00:00", "tool": "write_file", "category": "file", "policy": "ASK", "decision": "ASKED", "approved": null, "reason": ""}
{"timestamp": "2026-08-30T18:26:46.234247+00:00", "tool": "write_file", "category": "file", "policy": "ASK", "decision": "APPROVED", "approved": true, "reason": ""}
{"timestamp": "2026-08-30T18:27:25.428736+00:00", "tool": "write_file", "category": "file", "policy": "DENY", "decision": "BLOCKED", "approved": null, "reason": "policy=DENY"}
{"timestamp": "2026-08-30T18:27:25.431243+00:00", "tool": "write_file", "category": "file", "policy": "ALLOW", "decision": "ALLOWED", "approved": null, "reason": ""}
{"timestamp": "2026-08-30T18:27:25.433755+00:00", "tool": "write_file", "category": "file", "policy": "ASK", "decision": "ASKED", "approved": null, "reason": ""}
{"timestamp": "2026-08-30T18:27:25.433755+00:00", "tool": "write_file", "category": "file", "policy": "ASK", "decision": "APPROVED", "approved": true, "reason": ""}
{"timestamp": "2026-08-30T18:27:25.436405+00:00", "tool": "write_file", "category": "file", "policy": "ASK", "decision": "ASKED", "approved": null, "reason": ""}
{"timestamp": "2026-08-30T18:27:25.436405+00:00", "tool": "write_file", "category": "file", "policy": "ASK", "decision": "APPROVED", "approved": true, "reason": ""}
{"timestamp": "2026-08-30T18:27:25.438686+00:00", "tool": "write_file", "category": "file", "policy": "DENY", "decision": "BLOCKED", "approved": null, "reason": "policy=DENY"}
{"timestamp": "2026-08-30T18:27:25.438686+00:00", "tool": "write_file", "category": "file", "policy": "ASK", "decision": "ASKED", "approved": null, "reason": ""}
{"timestamp": "2026-08-30T18:27:25.438686+00:00", "tool": "write_file", "category": "file", "policy": "ASK", "decision": "APPROVED", "approved": true, "reason": ""}
{"timestamp": "2026-08-30T18:27:39.181532+00:00", "tool": "test_tool", "category": "general", "policy": "ASK", "decision": "ALLOWED", "approved": null, "reason": "read-only"}
{"timestamp": "2026-08-30T18:27:39.205712+00:00", "tool": "test_tool", "category": "general", "policy": "ASK", "decision": "ALLOWED", "approved": null, "reason": "read-only"}
{"timestamp": "2026-08-30T18:46:46.423829+00:00", "tool": "write_file", "category": "file", "policy": "DENY", "decision": "BLOCKED", "approved": null, "reason": "policy=DENY"}
{"timestamp": "2026-08-30T18:46:46.427031+00:00", "tool": "write_file", "category": "file", "policy": "ALLOW", "decision": "ALLOWED", "approved": null, "reason": ""}
{"timestamp": "2026-08-30T18:46:46.430041+00:00", "tool": "write_file", "category": "file", "policy": "ASK", "decision": "ASKED", "approved": null, "reason": ""}
{"timestamp": "2026-08-30T18:46:46.430544+00:00", "tool": "write_file", "category": "file", "policy": "ASK", "decision": "APPROVED", "approved": true, "reason": ""}
{"timestamp": "2026-08-30T18:46:46.433629+00:00", "tool": "write_file", "category": "file", "policy": "ASK", "decision": "ASKED", "approved": null, "reason": ""}
{"timestamp": "2026-08-30T18:46:46.434063+00:00", "tool": "write_file", "category": "file", "policy": "ASK", "decision": "APPROVED", "approved": true, "reason": ""}
{"timestamp": "2026-08-30T18:46:46.437077+00:00", "tool": "write_file", "category": "file", "policy": "DENY", "decision": "BLOCKED", "approved": null, "reason": "policy=DENY"}
{"timestamp": "2026-08-30T18:46:46.437077+00:00", "tool": "write_file", "category": "file", "policy": "ASK", "decision": "ASKED", "approved": null, "reason": ""}
{"timestamp": "2026-08-30T18:46:46.437077+00:00", "tool": "write_file", "category": "file", "policy": "ASK", "decision": "APPROVED", "approved": true, "reason": ""}
{"timestamp": "2026-08-30T18:46:46.612831+00:00", "tool": "test_tool", "category": "general", "policy": "ASK", "decision": "ALLOWED", "approved": null, "reason": "read-only"}
{"timestamp": "2026-08-30T18:46:46.638208+00:00", "tool": "test_tool", "category": "general", "policy": "ASK", "decision": "ALLOWED", "approved": null, "reason": "read-only"}
{"timestamp": "2026-08-30T19:04:18.031128+00:00", "tool": "write_file", "category": "file", "policy": "DENY", "decision": "BLOCKED", "approved": null, "reason": "policy=DENY"}
{"timestamp": "2026-08-30T19:04:18.034322+00:00", "tool": "write_file", "category": "file", "policy": "ALLOW", "decision": "ALLOWED", "approved": null, "reason": ""}
{"timestamp": "2026-08-30T19:04:18.035488+00:00", "tool": "write_file", "category": "file", "policy": "ASK", "decision": "ASKED", "approved": null, "reason": ""}
{"timestamp": "2026-08-30T19:04:18.036489+00:00", "tool": "write_file", "category": "file", "policy": "ASK", "decision": "APPROVED", "approved": true, "reason": ""}
{"timestamp": "2026-08-30T19:04:18.038489+00:00", "tool": "write_file", "category": "file", "policy": "ASK", "decision": "ASKED", "approved": null, "reason": ""}
{"timestamp": "2026-08-30T19:04:18.038489+00:00", "tool": "write_file", "category": "file", "policy": "ASK", "decision": "APPROVED", "approved": true, "reason": ""}
{"timestamp": "2026-08-30T19:04:18.040994+00:00", "tool": "write_file", "category": "file", "policy": "DENY", "decision": "BLOCKED", "approved": null, "reason": "policy=DENY"}
{"timestamp": "2026-08-30T19:04:18.041496+00:00", "tool": "write_file", "category": "file", "policy": "ASK", "decision": "ASKED", "approved": null, "reason": ""}
{"timestamp": "2026-08-30T19:04:18.041496+00:00", "tool": "write_file", "category": "file", "policy": "ASK", "decision": "APPROVED", "approved": true, "reason": ""}
{"timestamp": "2026-08-30T19:07:49.419767+00:00", "tool": "write_file", "category": "file", "policy": "DENY", "decision": "BLOCKED", "approved": null, "reason": "policy=DENY"}
{"timestamp": "2026-08-30T19:07:49.422044+00:00", "tool": "write_file", "category": "file", "policy": "ALLOW", "decision": "ALLOWED", "approved": null, "reason": ""}
{"timestamp": "2026-08-30T19:07:49.425057+00:00", "tool": "write_file", "category": "file", "policy": "ASK", "decision": "ASKED", "approved": null, "reason": ""}
{"timestamp": "2026-08-30T19:07:49.425057+00:00", "tool": "write_file", "category": "file", "policy": "ASK", "decision": "APPROVED", "approved": true, "reason": ""}
{"timestamp": "2026-08-30T19:07:49.427063+00:00", "tool": "write_file", "category": "file", "policy": "ASK", "decision": "ASKED", "approved": null, "reason": ""}
{"timestamp": "2026-08-30T19:07:49.428118+00:00", "tool": "write_file", "category": "file", "policy": "ASK", "decision": "APPROVED", "approved": true, "reason": ""}
{"timestamp": "2026-08-30T19:07:49.430798+00:00", "tool": "write_file", "category": "file", "policy": "DENY", "decision": "BLOCKED", "approved": null, "reason": "policy=DENY"}
{"timestamp": "2026-08-30T19:07:49.430798+00:00", "tool": "write_file", "category": "file", "policy": "ASK", "decision": "ASKED", "approved": null, "reason": ""}
{"timestamp": "2026-08-30T19:07:49.431301+00:00", "tool": "write_file", "category": "file", "policy": "ASK", "decision": "APPROVED", "approved": true, "reason": ""}
{"timestamp": "2026-08-30T19:07:49.584767+00:00", "tool": "test_tool", "category": "general", "policy": "ASK", "decision": "ALLOWED", "approved": null, "reason": "read-only"}
{"timestamp": "2026-08-30T19:07:49.608669+00:00", "tool": "test_tool", "category": "general", "policy": "ASK", "decision": "ALLOWED", "approved": null, "reason": "read-only"}
{"timestamp": "2026-08-30T19:13:27.313864+00:00", "tool": "write_file", "category": "file", "policy": "DENY", "decision": "BLOCKED", "approved": null, "reason": "policy=DENY"}
{"timestamp": "2026-08-30T19:13:27.316882+00:00", "tool": "write_file", "category": "file", "policy": "ALLOW", "decision": "ALLOWED", "approved": null, "reason": ""}
{"timestamp": "2026-08-30T19:13:27.319882+00:00", "tool": "write_file", "category": "file", "policy": "ASK", "decision": "ASKED", "approved": null, "reason": ""}
{"timestamp": "2026-08-30T19:13:27.319882+00:00", "tool": "write_file", "category": "file", "policy": "ASK", "decision": "APPROVED", "approved": true, "reason": ""}
{"timestamp": "2026-08-30T19:13:27.322283+00:00", "tool": "write_file", "category": "file", "policy": "ASK", "decision": "ASKED", "approved": null, "reason": ""}
{"timestamp": "2026-08-30T19:13:27.323287+00:00", "tool": "write_file", "category": "file", "policy": "ASK", "decision": "APPROVED", "approved": true, "reason": ""}
{"timestamp": "2026-08-30T19:13:27.325301+00:00", "tool": "write_file", "category": "file", "policy": "DENY", "decision": "BLOCKED", "approved": null, "reason": "policy=DENY"}
{"timestamp": "2026-08-30T19:13:27.325301+00:00", "tool": "write_file", "category": "file", "policy": "ASK", "decision": "ASKED", "approved": null, "reason": ""}
{"timestamp": "2026-08-30T19:13:27.326306+00:00", "tool": "write_file", "category": "file", "policy": "ASK", "decision": "APPROVED", "approved": true, "reason": ""}
{"timestamp": "2026-08-30T19:15:08.482007+00:00", "tool": "write_file", "category": "file", "policy": "DENY", "decision": "BLOCKED", "approved": null, "reason": "policy=DENY"}
{"timestamp": "2026-08-30T19:15:08.484291+00:00", "tool": "write_file", "category": "file", "policy": "ALLOW", "decision": "ALLOWED", "approved": null, "reason": ""}
{"timestamp": "2026-08-30T19:15:08.486297+00:00", "tool": "write_file", "category": "file", "policy": "ASK", "decision": "ASKED", "approved": null, "reason": ""}
{"timestamp": "2026-08-30T19:15:08.487303+00:00", "tool": "write_file", "category": "file", "policy": "ASK", "decision": "APPROVED", "approved": true, "reason": ""}
{"timestamp": "2026-08-30T19:15:08.488305+00:00", "tool": "write_file", "category": "file", "policy": "ASK", "decision": "ASKED", "approved": null, "reason": ""}
{"timestamp": "2026-08-30T19:15:08.488305+00:00", "tool": "write_file", "category": "file", "policy": "ASK", "decision": "APPROVED", "approved": true, "reason": ""}
{"timestamp": "2026-08-30T19:15:08.493160+00:00", "tool": "write_file", "category": "file", "policy": "DENY", "decision": "BLOCKED", "approved": null, "reason": "policy=DENY"}
{"timestamp": "2026-08-30T19:15:08.494009+00:00", "tool": "write_file", "category": "file", "policy": "ASK", "decision": "ASKED", "approved": null, "reason": ""}
{"timestamp": "2026-08-30T19:15:08.494009+00:00", "tool": "write_file", "category": "file", "policy": "ASK", "decision": "APPROVED", "approved": true, "reason": ""}
{"timestamp": "2026-08-30T19:15:08.648062+00:00", "tool": "test_tool", "category": "general", "policy": "ASK", "decision": "ALLOWED", "approved": null, "reason": "read-only"}
{"timestamp": "2026-08-30T19:15:08.675402+00:00", "tool": "test_tool", "category": "general", "policy": "ASK", "decision": "ALLOWED", "approved": null, "reason": "read-only"}
{"timestamp": "2026-08-30T20:50:09.627458+00:00", "tool": "write_file", "category": "file", "policy": "DENY", "decision": "BLOCKED", "approved": null, "reason": "policy=DENY"}
{"timestamp": "2026-08-30T20:50:09.629515+00:00", "tool": "write_file", "category": "file", "policy": "ALLOW", "decision": "ALLOWED", "approved": null, "reason": ""}
{"timestamp": "2026-08-30T20:50:09.631465+00:00", "tool": "write_file", "category": "file", "policy": "ASK", "decision": "ASKED", "approved": null, "reason": ""}
{"timestamp": "2026-08-30T20:50:09.632474+00:00", "tool": "write_file", "category": "file", "policy": "ASK", "decision": "APPROVED", "approved": true, "reason": ""}
{"timestamp": "2026-08-30T20:50:09.633884+00:00", "tool": "write_file", "category": "file", "policy": "ASK", "decision": "ASKED", "approved": null, "reason": ""}
{"timestamp": "2026-08-30T20:50:09.633884+00:00", "tool": "write_file", "category": "file", "policy": "ASK", "decision": "APPROVED", "approved": true, "reason": ""}
{"timestamp": "2026-08-30T20:50:09.635968+00:00", "tool": "write_file", "category": "file", "policy": "DENY", "decision": "BLOCKED", "approved": null, "reason": "policy=DENY"}
{"timestamp": "2026-08-30T20:50:09.636969+00:00", "tool": "write_file", "category": "file", "policy": "ASK", "decision": "ASKED", "approved": null, "reason": ""}
{"timestamp": "2026-08-30T20:50:09.636969+00:00", "tool": "write_file", "category": "file", "policy": "ASK", "decision": "APPROVED", "approved": true, "reason": ""}
{"timestamp": "2026-08-30T20:55:43.328080+00:00", "tool": "write_file", "category": "file", "policy": "DENY", "decision": "BLOCKED", "approved": null, "reason": "policy=DENY"}
{"timestamp": "2026-08-30T20:55:43.330992+00:00", "tool": "write_file", "category": "file", "policy": "ALLOW", "decision": "ALLOWED", "approved": null, "reason": ""}
{"timestamp": "2026-08-30T20:55:43.334246+00:00", "tool": "write_file", "category": "file", "policy": "ASK", "decision": "ASKED", "approved": null, "reason": ""}
{"timestamp": "2026-08-30T20:55:43.334246+00:00", "tool": "write_file", "category": "file", "policy": "ASK", "decision": "APPROVED", "approved": true, "reason": ""}
{"timestamp": "2026-08-30T20:55:43.336917+00:00", "tool": "write_file", "category": "file", "policy": "ASK", "decision": "ASKED", "approved": null, "reason": ""}
{"timestamp": "2026-08-30T20:55:43.336917+00:00", "tool": "write_file", "category": "file", "policy": "ASK", "decision": "APPROVED", "approved": true, "reason": ""}
{"timestamp": "2026-08-30T20:55:43.339687+00:00", "tool": "write_file", "category": "file", "policy": "DENY", "decision": "BLOCKED", "approved": null, "reason": "policy=DENY"}
{"timestamp": "2026-08-30T20:55:43.339687+00:00", "tool": "write_file", "category": "file", "policy": "ASK", "decision": "ASKED", "approved": null, "reason": ""}
{"timestamp": "2026-08-30T20:55:43.339687+00:00", "tool": "write_file", "category": "file", "policy": "ASK", "decision": "APPROVED", "approved": true, "reason": ""}
{"timestamp": "2026-08-30T20:58:54.131541+00:00", "tool": "write_file", "category": "file", "policy": "DENY", "decision": "BLOCKED", "approved": null, "reason": "policy=DENY"}
{"timestamp": "2026-08-30T20:58:54.135757+00:00", "tool": "write_file", "category": "file", "policy": "ALLOW", "decision": "ALLOWED", "approved": null, "reason": ""}
{"timestamp": "2026-08-30T20:58:54.137768+00:00", "tool": "write_file", "category": "file", "policy": "ASK", "decision": "ASKED", "approved": null, "reason": ""}
{"timestamp": "2026-08-30T20:58:54.138771+00:00", "tool": "write_file", "category": "file", "policy": "ASK", "decision": "APPROVED", "approved": true, "reason": ""}
{"timestamp": "2026-08-30T20:58:54.140848+00:00", "tool": "write_file", "category": "file", "policy": "ASK", "decision": "ASKED", "approved": null, "reason": ""}
{"timestamp": "2026-08-30T20:58:54.142095+00:00", "tool": "write_file", "category": "file", "policy": "ASK", "decision": "APPROVED", "approved": true, "reason": ""}
{"timestamp": "2026-08-30T20:58:54.144186+00:00", "tool": "write_file", "category": "file", "policy": "DENY", "decision": "BLOCKED", "approved": null, "reason": "policy=DENY"}
{"timestamp": "2026-08-30T20:58:54.145190+00:00", "tool": "write_file", "category": "file", "policy": "ASK", "decision": "ASKED", "approved": null, "reason": ""}
{"timestamp": "2026-08-30T20:58:54.145190+00:00", "tool": "write_file", "category": "file", "policy": "ASK", "decision": "APPROVED", "approved": true, "reason": ""}
{"timestamp": "2026-08-30T21:25:14.236525+00:00", "tool": "write_file", "category": "file", "policy": "DENY", "decision": "BLOCKED", "approved": null, "reason": "policy=DENY"}
{"timestamp": "2026-08-30T21:25:14.239349+00:00", "tool": "write_file", "category": "file", "policy": "ALLOW", "decision": "ALLOWED", "approved": null, "reason": ""}
{"timestamp": "2026-08-30T21:25:14.241359+00:00", "tool": "write_file", "category": "file", "policy": "ASK", "decision": "ASKED", "approved": null, "reason": ""}
{"timestamp": "2026-08-30T21:25:14.242361+00:00", "tool": "write_file", "category": "file", "policy": "ASK", "decision": "APPROVED", "approved": true, "reason": ""}
{"timestamp": "2026-08-30T21:25:14.244368+00:00", "tool": "write_file", "category": "file", "policy": "ASK", "decision": "ASKED", "approved": null, "reason": ""}
{"timestamp": "2026-08-30T21:25:14.244368+00:00", "tool": "write_file", "category": "file", "policy": "ASK", "decision": "APPROVED", "approved": true, "reason": ""}
{"timestamp": "2026-08-30T21:25:14.246377+00:00", "tool": "write_file", "category": "file", "policy": "DENY", "decision": "BLOCKED", "approved": null, "reason": "policy=DENY"}
{"timestamp": "2026-08-30T21:25:14.246377+00:00", "tool": "write_file", "category": "file", "policy": "ASK", "decision": "ASKED", "approved": null, "reason": ""}
{"timestamp": "2026-08-30T21:25:14.247379+00:00", "tool": "write_file", "category": "file", "policy": "ASK", "decision": "APPROVED", "approved": true, "reason": ""}
{"timestamp": "2026-08-30T23:59:02.354060+00:00", "tool": "write_file", "category": "file", "policy": "DENY", "decision": "BLOCKED", "approved": null, "reason": "policy=DENY"}
{"timestamp": "2026-08-30T23:59:02.356063+00:00", "tool": "write_file", "category": "file", "policy": "ALLOW", "decision": "ALLOWED", "approved": null, "reason": ""}
{"timestamp": "2026-08-30T23:59:02.358070+00:00", "tool": "write_file", "category": "file", "policy": "ASK", "decision": "ASKED", "approved": null, "reason": ""}
{"timestamp": "2026-08-30T23:59:02.359070+00:00", "tool": "write_file", "category": "file", "policy": "ASK", "decision": "APPROVED", "approved": true, "reason": ""}
{"timestamp": "2026-08-30T23:59:02.360071+00:00", "tool": "write_file", "category": "file", "policy": "ASK", "decision": "ASKED", "approved": null, "reason": ""}
{"timestamp": "2026-08-30T23:59:02.361574+00:00", "tool": "write_file", "category": "file", "policy": "ASK", "decision": "APPROVED", "approved": true, "reason": ""}
{"timestamp": "2026-08-30T23:59:02.363078+00:00", "tool": "write_file", "category": "file", "policy": "DENY", "decision": "BLOCKED", "approved": null, "reason": "policy=DENY"}
{"timestamp": "2026-08-30T23:59:02.364296+00:00", "tool": "write_file", "category": "file", "policy": "ASK", "decision": "ASKED", "approved": null, "reason": ""}
{"timestamp": "2026-08-30T23:59:02.364296+00:00", "tool": "write_file", "category": "file", "policy": "ASK", "decision": "APPROVED", "approved": true, "reason": ""}
{"timestamp": "2026-08-31T01:08:11.708599+00:00", "tool": "write_file", "category": "file", "policy": "DENY", "decision": "BLOCKED", "approved": null, "reason": "policy=DENY"}
{"timestamp": "2026-08-31T01:08:11.710460+00:00", "tool": "write_file", "category": "file", "policy": "ALLOW", "decision": "ALLOWED", "approved": null, "reason": ""}
{"timestamp": "2026-08-31T01:08:11.712474+00:00", "tool": "write_file", "category": "file", "policy": "ASK", "decision": "ASKED", "approved": null, "reason": ""}
{"timestamp": "2026-08-31T01:08:11.713477+00:00", "tool": "write_file", "category": "file", "policy": "ASK", "decision": "APPROVED", "approved": true, "reason": ""}
{"timestamp": "2026-08-31T01:08:11.714364+00:00", "tool": "write_file", "category": "file", "policy": "ASK", "decision": "ASKED", "approved": null, "reason": ""}
{"timestamp": "2026-08-31T01:08:11.715928+00:00", "tool": "write_file", "category": "file", "policy": "ASK", "decision": "APPROVED", "approved": true, "reason": ""}
{"timestamp": "2026-08-31T01:08:11.717964+00:00", "tool": "write_file", "category": "file", "policy": "DENY", "decision": "BLOCKED", "approved": null, "reason": "policy=DENY"}
{"timestamp": "2026-08-31T01:08:11.717964+00:00", "tool": "write_file", "category": "file", "policy": "ASK", "decision": "ASKED", "approved": null, "reason": ""}
{"timestamp": "2026-08-31T01:08:11.717964+00:00", "tool": "write_file", "category": "file", "policy": "ASK", "decision": "APPROVED", "approved": true, "reason": ""}
{"timestamp": "2026-08-31T01:21:36.608542+00:00", "tool": "write_file", "category": "file", "policy": "DENY", "decision": "BLOCKED", "approved": null, "reason": "policy=DENY"}
{"timestamp": "2026-08-31T01:21:36.611046+00:00", "tool": "write_file", "category": "file", "policy": "ALLOW", "decision": "ALLOWED", "approved": null, "reason": ""}
{"timestamp": "2026-08-31T01:21:36.614383+00:00", "tool": "write_file", "category": "file", "policy": "ASK", "decision": "ASKED", "approved": null, "reason": ""}
{"timestamp": "2026-08-31T01:21:36.614383+00:00", "tool": "write_file", "category": "file", "policy": "ASK", "decision": "APPROVED", "approved": true, "reason": ""}
{"timestamp": "2026-08-31T01:21:36.616125+00:00", "tool": "write_file", "category": "file", "policy": "ASK", "decision": "ASKED", "approved": null, "reason": ""}
{"timestamp": "2026-08-31T01:21:36.616125+00:00", "tool": "write_file", "category": "file", "policy": "ASK", "decision": "APPROVED", "approved": true, "reason": ""}
{"timestamp": "2026-08-31T01:21:36.618452+00:00", "tool": "write_file", "category": "file", "policy": "DENY", "decision": "BLOCKED", "approved": null, "reason": "policy=DENY"}
{"timestamp": "2026-08-31T01:21:36.618452+00:00", "tool": "write_file", "category": "file", "policy": "ASK", "decision": "ASKED", "approved": null, "reason": ""}
{"timestamp": "2026-08-31T01:21:36.621190+00:00", "tool": "write_file", "category": "file", "policy": "ASK", "decision": "APPROVED", "approved": true, "reason": ""}
{"timestamp": "2026-08-31T01:28:25.569038+00:00", "tool": "write_file", "category": "file", "policy": "DENY", "decision": "BLOCKED", "approved": null, "reason": "policy=DENY"}
{"timestamp": "2026-08-31T01:28:25.569959+00:00", "tool": "write_file", "category": "file", "policy": "ALLOW", "decision": "ALLOWED", "approved": null, "reason": ""}
{"timestamp": "2026-08-31T01:28:25.569959+00:00", "tool": "write_file", "category": "file", "policy": "ASK", "decision": "ASKED", "approved": null, "reason": ""}
{"timestamp": "2026-08-31T01:28:25.569959+00:00", "tool": "write_file", "category": "file", "policy": "ASK", "decision": "APPROVED", "approved": true, "reason": ""}
{"timestamp": "2026-08-31T01:28:25.576901+00:00", "tool": "write_file", "category": "file", "policy": "ASK", "decision": "ASKED", "approved": null, "reason": ""}
{"timestamp": "2026-08-31T01:28:25.576901+00:00", "tool": "write_file", "category": "file", "policy": "ASK", "decision": "APPROVED", "approved": true, "reason": ""}
{"timestamp": "2026-08-31T01:28:25.580047+00:00", "tool": "write_file", "category": "file", "policy": "DENY", "decision": "BLOCKED", "approved": null, "reason": "policy=DENY"}
{"timestamp": "2026-08-31T01:28:25.580047+00:00", "tool": "write_file", "category": "file", "policy": "ASK", "decision": "ASKED", "approved": null, "reason": ""}
{"timestamp": "2026-08-31T01:28:25.580047+00:00", "tool": "write_file", "category": "file", "policy": "ASK", "decision": "APPROVED", "approved": true, "reason": ""}
{"timestamp": "2026-08-31T12:44:41.185125+00:00", "tool": "write_file", "category": "file", "policy": "DENY", "decision": "BLOCKED", "approved": null, "reason": "policy=DENY"}
{"timestamp": "2026-08-31T12:44:41.189004+00:00", "tool": "write_file", "category": "file", "policy": "ALLOW", "decision": "ALLOWED", "approved": null, "reason": ""}
{"timestamp": "2026-08-31T12:44:41.191205+00:00", "tool": "write_file", "category": "file", "policy": "ASK", "decision": "ASKED", "approved": null, "reason": ""}
{"timestamp": "2026-08-31T12:44:41.192245+00:00", "tool": "write_file", "category": "file", "policy": "ASK", "decision": "APPROVED", "approved": true, "reason": ""}
{"timestamp": "2026-08-31T12:44:41.193257+00:00", "tool": "write_file", "category": "file", "policy": "ASK", "decision": "ASKED", "approved": null, "reason": ""}
{"timestamp": "2026-08-31T12:44:41.194261+00:00", "tool": "write_file", "category": "file", "policy": "ASK", "decision": "APPROVED", "approved": true, "reason": ""}
{"timestamp": "2026-08-31T12:44:41.196889+00:00", "tool": "write_file", "category": "file", "policy": "DENY", "decision": "BLOCKED", "approved": null, "reason": "policy=DENY"}
{"timestamp": "2026-08-31T12:44:41.197393+00:00", "tool": "write_file", "category": "file", "policy": "ASK", "decision": "ASKED", "approved": null, "reason": ""}
{"timestamp": "2026-08-31T12:44:41.197393+00:00", "tool": "write_file", "category": "file", "policy": "ASK", "decision": "APPROVED", "approved": true, "reason": ""}
{"timestamp": "2026-08-31T13:01:34.990501+00:00", "tool": "write_file", "category": "file", "policy": "DENY", "decision": "BLOCKED", "approved": null, "reason": "policy=DENY"}
{"timestamp": "2026-08-31T13:01:34.993166+00:00", "tool": "write_file", "category": "file", "policy": "ALLOW", "decision": "ALLOWED", "approved": null, "reason": ""}
{"timestamp": "2026-08-31T13:01:34.995671+00:00", "tool": "write_file", "category": "file", "policy": "ASK", "decision": "ASKED", "approved": null, "reason": ""}
{"timestamp": "2026-08-31T13:01:34.996671+00:00", "tool": "write_file", "category": "file", "policy": "ASK", "decision": "APPROVED", "approved": true, "reason": ""}
{"timestamp": "2026-08-31T13:01:35.000192+00:00", "tool": "write_file", "category": "file", "policy": "ASK", "decision": "ASKED", "approved": null, "reason": ""}
{"timestamp": "2026-08-31T13:01:35.000192+00:00", "tool": "write_file", "category": "file", "policy": "ASK", "decision": "APPROVED", "approved": true, "reason": ""}
{"timestamp": "2026-08-31T13:01:35.002701+00:00", "tool": "write_file", "category": "file", "policy": "DENY", "decision": "BLOCKED", "approved": null, "reason": "policy=DENY"}
{"timestamp": "2026-08-31T13:01:35.003709+00:00", "tool": "write_file", "category": "file", "policy": "ASK", "decision": "ASKED", "approved": null, "reason": ""}
{"timestamp": "2026-08-31T13:01:35.003709+00:00", "tool": "write_file", "category": "file", "policy": "ASK", "decision": "APPROVED", "approved": true, "reason": ""}
{"timestamp": "2026-08-31T14:50:28.642520+00:00", "tool": "test_tool", "category": "general", "policy": "ASK", "decision": "ALLOWED", "approved": null, "reason": "read-only"}
{"timestamp": "2026-08-31T14:50:28.662767+00:00", "tool": "test_tool", "category": "general", "policy": "ASK", "decision": "ALLOWED", "approved": null, "reason": "read-only"}
{"timestamp": "2026-08-31T14:52:40.656050+00:00", "tool": "test_tool", "category": "general", "policy": "ASK", "decision": "ALLOWED", "approved": null, "reason": "read-only"}
{"timestamp": "2026-08-31T14:52:40.688106+00:00", "tool": "test_tool", "category": "general", "policy": "ASK", "decision": "ALLOWED", "approved": null, "reason": "read-only"}
{"timestamp": "2026-08-31T14:54:13.011910+00:00", "tool": "test_tool", "category": "general", "policy": "ASK", "decision": "ALLOWED", "approved": null, "reason": "read-only"}
{"timestamp": "2026-08-31T14:54:13.034560+00:00", "tool": "test_tool", "category": "general", "policy": "ASK", "decision": "ALLOWED", "approved": null, "reason": "read-only"}
{"timestamp": "2026-08-31T14:57:11.367276+00:00", "tool": "write_file", "category": "file", "policy": "DENY", "decision": "BLOCKED", "approved": null, "reason": "policy=DENY"}
{"timestamp": "2026-08-31T14:57:11.369782+00:00", "tool": "write_file", "category": "file", "policy": "ALLOW", "decision": "ALLOWED", "approved": null, "reason": ""}
{"timestamp": "2026-08-31T14:57:11.371798+00:00", "tool": "write_file", "category": "file", "policy": "ASK", "decision": "ASKED", "approved": null, "reason": ""}
{"timestamp": "2026-08-31T14:57:11.372797+00:00", "tool": "write_file", "category": "file", "policy": "ASK", "decision": "APPROVED", "approved": true, "reason": ""}
{"timestamp": "2026-08-31T14:57:11.375179+00:00", "tool": "write_file", "category": "file", "policy": "ASK", "decision": "ASKED", "approved": null, "reason": ""}
{"timestamp": "2026-08-31T14:57:11.375179+00:00", "tool": "write_file", "category": "file", "policy": "ASK", "decision": "APPROVED", "approved": true, "reason": ""}
{"timestamp": "2026-08-31T14:57:11.378576+00:00", "tool": "write_file", "category": "file", "policy": "DENY", "decision": "BLOCKED", "approved": null, "reason": "policy=DENY"}
{"timestamp": "2026-08-31T14:57:11.379580+00:00", "tool": "write_file", "category": "file", "policy": "ASK", "decision": "ASKED", "approved": null, "reason": ""}
{"timestamp": "2026-08-31T14:57:11.379580+00:00", "tool": "write_file", "category": "file", "policy": "ASK", "decision": "APPROVED", "approved": true, "reason": ""}
{"timestamp": "2026-08-31T23:03:54.823999+00:00", "tool": "write_file", "category": "file", "policy": "DENY", "decision": "BLOCKED", "approved": null, "reason": "policy=DENY"}
{"timestamp": "2026-08-31T23:03:54.832014+00:00", "tool": "write_file", "category": "file", "policy": "ALLOW", "decision": "ALLOWED", "approved": null, "reason": ""}
{"timestamp": "2026-08-31T23:03:55.089314+00:00", "tool": "write_file", "category": "file", "policy": "ASK", "decision": "ASKED", "approved": null, "reason": ""}
{"timestamp": "2026-08-31T23:03:55.091314+00:00", "tool": "write_file", "category": "file", "policy": "ASK", "decision": "APPROVED", "approved": true, "reason": ""}
{"timestamp": "2026-08-31T23:03:55.099581+00:00", "tool": "write_file", "category": "file", "policy": "ASK", "decision": "ASKED", "approved": null, "reason": ""}
{"timestamp": "2026-08-31T23:03:55.100590+00:00", "tool": "write_file", "category": "file", "policy": "ASK", "decision": "APPROVED", "approved": true, "reason": ""}
{"timestamp": "2026-08-31T23:03:55.109602+00:00", "tool": "write_file", "category": "file", "policy": "DENY", "decision": "BLOCKED", "approved": null, "reason": "policy=DENY"}
{"timestamp": "2026-08-31T23:03:55.111603+00:00", "tool": "write_file", "category": "file", "policy": "ASK", "decision": "ASKED", "approved": null, "reason": ""}
{"timestamp": "2026-08-31T23:03:55.113603+00:00", "tool": "write_file", "category": "file", "policy": "ASK", "decision": "APPROVED", "approved": true, "reason": ""}
{"timestamp": "2026-08-31T23:14:05.332997+00:00", "tool": "write_file", "category": "file", "policy": "DENY", "decision": "BLOCKED", "approved": null, "reason": "policy=DENY"}
{"timestamp": "2026-08-31T23:14:05.341017+00:00", "tool": "write_file", "category": "file", "policy": "ALLOW", "decision": "ALLOWED", "approved": null, "reason": ""}
{"timestamp": "2026-08-31T23:14:05.349038+00:00", "tool": "write_file", "category": "file", "policy": "ASK", "decision": "ASKED", "approved": null, "reason": ""}
{"timestamp": "2026-08-31T23:14:05.351457+00:00", "tool": "write_file", "category": "file", "policy": "ASK", "decision": "APPROVED", "approved": true, "reason": ""}
{"timestamp": "2026-08-31T23:14:05.360172+00:00", "tool": "write_file", "category": "file", "policy": "ASK", "decision": "ASKED", "approved": null, "reason": ""}
{"timestamp": "2026-08-31T23:14:05.362178+00:00", "tool": "write_file", "category": "file", "policy": "ASK", "decision": "APPROVED", "approved": true, "reason": ""}
{"timestamp": "2026-08-31T23:14:05.370676+00:00", "tool": "write_file", "category": "file", "policy": "DENY", "decision": "BLOCKED", "approved": null, "reason": "policy=DENY"}
{"timestamp": "2026-08-31T23:14:05.372780+00:00", "tool": "write_file", "category": "file", "policy": "ASK", "decision": "ASKED", "approved": null, "reason": ""}
{"timestamp": "2026-08-31T23:14:05.373784+00:00", "tool": "write_file", "category": "file", "policy": "ASK", "decision": "APPROVED", "approved": true, "reason": ""}
{"timestamp": "2026-08-31T23:18:31.828330+00:00", "tool": "test_tool", "category": "general", "policy": "ASK", "decision": "ALLOWED", "approved": null, "reason": "read-only"}
{"timestamp": "2026-08-31T23:18:31.897905+00:00", "tool": "test_tool", "category": "general", "policy": "ASK", "decision": "ALLOWED", "approved": null, "reason": "read-only"}
{"timestamp": "2026-08-31T23:19:33.895569+00:00", "tool": "write_file", "category": "file", "policy": "DENY", "decision": "BLOCKED", "approved": null, "reason": "policy=DENY"}
{"timestamp": "2026-08-31T23:19:33.904325+00:00", "tool": "write_file", "category": "file", "policy": "ALLOW", "decision": "ALLOWED", "approved": null, "reason": ""}
{"timestamp": "2026-08-31T23:19:33.913634+00:00", "tool": "write_file", "category": "file", "policy": "ASK", "decision": "ASKED", "approved": null, "reason": ""}
{"timestamp": "2026-08-31T23:19:33.916643+00:00", "tool": "write_file", "category": "file", "policy": "ASK", "decision": "APPROVED", "approved": true, "reason": ""}
{"timestamp": "2026-08-31T23:19:33.925650+00:00", "tool": "write_file", "category": "file", "policy": "ASK", "decision": "ASKED", "approved": null, "reason": ""}
{"timestamp": "2026-08-31T23:19:33.928164+00:00", "tool": "write_file", "category": "file", "policy": "ASK", "decision": "APPROVED", "approved": true, "reason": ""}
{"timestamp": "2026-08-31T23:19:33.937105+00:00", "tool": "write_file", "category": "file", "policy": "DENY", "decision": "BLOCKED", "approved": null, "reason": "policy=DENY"}
{"timestamp": "2026-08-31T23:19:33.940107+00:00", "tool": "write_file", "category": "file", "policy": "ASK", "decision": "ASKED", "approved": null, "reason": ""}
{"timestamp": "2026-08-31T23:19:33.942107+00:00", "tool": "write_file", "category": "file", "policy": "ASK", "decision": "APPROVED", "approved": true, "reason": ""}
{"timestamp": "2026-09-02T10:38:37.755172+00:00", "tool": "test_tool", "category": "general", "policy": "ASK", "decision": "ALLOWED", "approved": null, "reason": "read-only"}
{"timestamp": "2026-09-02T10:38:37.823469+00:00", "tool": "test_tool", "category": "general", "policy": "ASK", "decision": "ALLOWED", "approved": null, "reason": "read-only"}
{"timestamp": "2026-09-02T10:46:58.443873+00:00", "tool": "test_tool", "category": "general", "policy": "ASK", "decision": "ALLOWED", "approved": null, "reason": "read-only"}
{"timestamp": "2026-09-02T10:46:58.504999+00:00", "tool": "test_tool", "category": "general", "policy": "ASK", "decision": "ALLOWED", "approved": null, "reason": "read-only"}
{"timestamp": "2026-09-02T11:02:05.025152+00:00", "tool": "test_read_tool", "category": "system", "policy": "ALLOW", "decision": "ALLOWED", "approved": null, "reason": "read-only"}
{"timestamp": "2026-09-02T11:02:05.027201+00:00", "tool": "test_write_tool", "category": "application", "policy": "ASK", "decision": "ASKED", "approved": null, "reason": ""}
{"timestamp": "2026-09-02T11:02:05.028790+00:00", "tool": "test_write_tool", "category": "application", "policy": "ASK", "decision": "APPROVED", "approved": true, "reason": ""}
{"timestamp": "2026-09-02T11:02:05.038859+00:00", "tool": "test_denied_tool", "category": "memory", "policy": "DENY", "decision": "BLOCKED", "approved": null, "reason": "policy=DENY"}
{"timestamp": "2026-09-02T11:02:05.055605+00:00", "tool": "test_write_tool", "category": "application", "policy": "ASK", "decision": "ASKED", "approved": null, "reason": ""}
{"timestamp": "2026-09-02T11:02:05.058114+00:00", "tool": "test_write_tool", "category": "application", "policy": "ASK", "decision": "DENIED", "approved": false, "reason": ""}
{"timestamp": "2026-09-02T11:12:19.262943+00:00", "tool": "test_read_tool", "category": "system", "policy": "ALLOW", "decision": "ALLOWED", "approved": null, "reason": "read-only"}
{"timestamp": "2026-09-02T11:12:19.265459+00:00", "tool": "test_write_tool", "category": "application", "policy": "ASK", "decision": "ASKED", "approved": null, "reason": ""}
{"timestamp": "2026-09-02T11:12:19.265459+00:00", "tool": "test_write_tool", "category": "application", "policy": "ASK", "decision": "APPROVED", "approved": true, "reason": ""}
{"timestamp": "2026-09-02T11:12:19.276197+00:00", "tool": "test_denied_tool", "category": "memory", "policy": "DENY", "decision": "BLOCKED", "approved": null, "reason": "policy=DENY"}
{"timestamp": "2026-09-02T11:12:19.286247+00:00", "tool": "test_write_tool", "category": "application", "policy": "ASK", "decision": "ASKED", "approved": null, "reason": ""}
{"timestamp": "2026-09-02T11:12:19.286247+00:00", "tool": "test_write_tool", "category": "application", "policy": "ASK", "decision": "DENIED", "approved": false, "reason": ""}
{"timestamp": "2026-09-02T11:12:29.367773+00:00", "tool": "test_tool", "category": "general", "policy": "ASK", "decision": "ALLOWED", "approved": null, "reason": "read-only"}
{"timestamp": "2026-09-02T11:12:29.413082+00:00", "tool": "test_tool", "category": "general", "policy": "ASK", "decision": "ALLOWED", "approved": null, "reason": "read-only"}
{"timestamp": "2026-09-02T11:12:36.322577+00:00", "tool": "test_read_tool", "category": "system", "policy": "ALLOW", "decision": "ALLOWED", "approved": null, "reason": "read-only"}
{"timestamp": "2026-09-02T11:12:36.324086+00:00", "tool": "test_write_tool", "category": "application", "policy": "ASK", "decision": "ASKED", "approved": null, "reason": ""}
{"timestamp": "2026-09-02T11:12:36.325590+00:00", "tool": "test_write_tool", "category": "application", "policy": "ASK", "decision": "APPROVED", "approved": true, "reason": ""}
{"timestamp": "2026-09-02T11:12:36.334643+00:00", "tool": "test_denied_tool", "category": "memory", "policy": "DENY", "decision": "BLOCKED", "approved": null, "reason": "policy=DENY"}
{"timestamp": "2026-09-02T11:12:36.346824+00:00", "tool": "test_write_tool", "category": "application", "policy": "ASK", "decision": "ASKED", "approved": null, "reason": ""}
{"timestamp": "2026-09-02T11:12:36.348834+00:00", "tool": "test_write_tool", "category": "application", "policy": "ASK", "decision": "DENIED", "approved": false, "reason": ""}
{"timestamp": "2026-09-02T11:13:36.735739+00:00", "tool": "write_file", "category": "file", "policy": "DENY", "decision": "BLOCKED", "approved": null, "reason": "policy=DENY"}
{"timestamp": "2026-09-02T11:13:36.742678+00:00", "tool": "write_file", "category": "file", "policy": "ALLOW", "decision": "ALLOWED", "approved": null, "reason": ""}
{"timestamp": "2026-09-02T11:13:36.747574+00:00", "tool": "write_file", "category": "file", "policy": "ASK", "decision": "ASKED", "approved": null, "reason": ""}
{"timestamp": "2026-09-02T11:13:36.747574+00:00", "tool": "write_file", "category": "file", "policy": "ASK", "decision": "APPROVED", "approved": true, "reason": ""}
{"timestamp": "2026-09-02T11:13:36.756540+00:00", "tool": "write_file", "category": "file", "policy": "ASK", "decision": "ASKED", "approved": null, "reason": ""}
{"timestamp": "2026-09-02T11:13:36.758556+00:00", "tool": "write_file", "category": "file", "policy": "ASK", "decision": "APPROVED", "approved": true, "reason": ""}
{"timestamp": "2026-09-02T11:13:36.764073+00:00", "tool": "write_file", "category": "file", "policy": "DENY", "decision": "BLOCKED", "approved": null, "reason": "policy=DENY"}
{"timestamp": "2026-09-02T11:13:36.766319+00:00", "tool": "write_file", "category": "file", "policy": "ASK", "decision": "ASKED", "approved": null, "reason": ""}
{"timestamp": "2026-09-02T11:13:36.768455+00:00", "tool": "write_file", "category": "file", "policy": "ASK", "decision": "APPROVED", "approved": true, "reason": ""}
{"timestamp": "2026-09-02T11:14:43.455951+00:00", "tool": "test_read_tool", "category": "system", "policy": "ALLOW", "decision": "ALLOWED", "approved": null, "reason": "read-only"}
{"timestamp": "2026-09-02T11:14:43.457458+00:00", "tool": "test_write_tool", "category": "application", "policy": "ASK", "decision": "ASKED", "approved": null, "reason": ""}
{"timestamp": "2026-09-02T11:14:43.458962+00:00", "tool": "test_write_tool", "category": "application", "policy": "ASK", "decision": "APPROVED", "approved": true, "reason": ""}
{"timestamp": "2026-09-02T11:14:43.468500+00:00", "tool": "test_denied_tool", "category": "memory", "policy": "DENY", "decision": "BLOCKED", "approved": null, "reason": "policy=DENY"}
{"timestamp": "2026-09-02T11:14:43.479255+00:00", "tool": "test_write_tool", "category": "application", "policy": "ASK", "decision": "ASKED", "approved": null, "reason": ""}
{"timestamp": "2026-09-02T11:14:43.480329+00:00", "tool": "test_write_tool", "category": "application", "policy": "ASK", "decision": "DENIED", "approved": false, "reason": ""}
{"timestamp": "2026-09-02T11:24:08.324858+00:00", "tool": "system_info", "category": "system", "policy": "ALLOW", "decision": "ALLOWED", "approved": null, "reason": "read-only"}
{"timestamp": "2026-09-02T11:24:08.327545+00:00", "tool": "open_application", "category": "application", "policy": "ASK", "decision": "ASKED", "approved": null, "reason": ""}
{"timestamp": "2026-09-02T11:24:08.327545+00:00", "tool": "open_application", "category": "application", "policy": "ASK", "decision": "APPROVED", "approved": true, "reason": ""}
{"timestamp": "2026-09-02T11:25:09.870892+00:00", "tool": "system_info", "category": "system", "policy": "ALLOW", "decision": "ALLOWED", "approved": null, "reason": "read-only"}
{"timestamp": "2026-09-02T11:25:20.719009+00:00", "tool": "test_tool", "category": "general", "policy": "ASK", "decision": "ALLOWED", "approved": null, "reason": "read-only"}
{"timestamp": "2026-09-02T11:25:20.769727+00:00", "tool": "test_tool", "category": "general", "policy": "ASK", "decision": "ALLOWED", "approved": null, "reason": "read-only"}
{"timestamp": "2026-09-02T11:25:28.183426+00:00", "tool": "test_read_tool", "category": "system", "policy": "ALLOW", "decision": "ALLOWED", "approved": null, "reason": "read-only"}
{"timestamp": "2026-09-02T11:25:28.185503+00:00", "tool": "test_write_tool", "category": "application", "policy": "ASK", "decision": "ASKED", "approved": null, "reason": ""}
{"timestamp": "2026-09-02T11:25:28.187508+00:00", "tool": "test_write_tool", "category": "application", "policy": "ASK", "decision": "APPROVED", "approved": true, "reason": ""}
{"timestamp": "2026-09-02T11:25:28.197469+00:00", "tool": "test_denied_tool", "category": "memory", "policy": "DENY", "decision": "BLOCKED", "approved": null, "reason": "policy=DENY"}
{"timestamp": "2026-09-02T11:25:28.209494+00:00", "tool": "test_write_tool", "category": "application", "policy": "ASK", "decision": "ASKED", "approved": null, "reason": ""}
{"timestamp": "2026-09-02T11:25:28.211008+00:00", "tool": "test_write_tool", "category": "application", "policy": "ASK", "decision": "DENIED", "approved": false, "reason": ""}
{"timestamp": "2026-09-02T11:26:13.924275+00:00", "tool": "write_file", "category": "file", "policy": "DENY", "decision": "BLOCKED", "approved": null, "reason": "policy=DENY"}
{"timestamp": "2026-09-02T11:26:13.930362+00:00", "tool": "write_file", "category": "file", "policy": "ALLOW", "decision": "ALLOWED", "approved": null, "reason": ""}
{"timestamp": "2026-09-02T11:26:13.936868+00:00", "tool": "write_file", "category": "file", "policy": "ASK", "decision": "ASKED", "approved": null, "reason": ""}
{"timestamp": "2026-09-02T11:26:13.937868+00:00", "tool": "write_file", "category": "file", "policy": "ASK", "decision": "APPROVED", "approved": true, "reason": ""}
{"timestamp": "2026-09-02T11:26:13.944493+00:00", "tool": "write_file", "category": "file", "policy": "ASK", "decision": "ASKED", "approved": null, "reason": ""}
{"timestamp": "2026-09-02T11:26:13.947004+00:00", "tool": "write_file", "category": "file", "policy": "ASK", "decision": "APPROVED", "approved": true, "reason": ""}
{"timestamp": "2026-09-02T11:26:13.954143+00:00", "tool": "write_file", "category": "file", "policy": "DENY", "decision": "BLOCKED", "approved": null, "reason": "policy=DENY"}
{"timestamp": "2026-09-02T11:26:13.955645+00:00", "tool": "write_file", "category": "file", "policy": "ASK", "decision": "ASKED", "approved": null, "reason": ""}
{"timestamp": "2026-09-02T11:26:13.957743+00:00", "tool": "write_file", "category": "file", "policy": "ASK", "decision": "APPROVED", "approved": true, "reason": ""}
{"timestamp": "2026-09-02T11:35:10.701389+00:00", "tool": "test_read_tool", "category": "system", "policy": "ALLOW", "decision": "ALLOWED", "approved": null, "reason": "read-only"}
{"timestamp": "2026-09-02T11:35:10.705694+00:00", "tool": "test_write_tool", "category": "application", "policy": "ASK", "decision": "ASKED", "approved": null, "reason": ""}
{"timestamp": "2026-09-02T11:35:10.707699+00:00", "tool": "test_write_tool", "category": "application", "policy": "ASK", "decision": "APPROVED", "approved": true, "reason": ""}
{"timestamp": "2026-09-02T11:35:10.716347+00:00", "tool": "test_denied_tool", "category": "memory", "policy": "DENY", "decision": "BLOCKED", "approved": null, "reason": "policy=DENY"}
{"timestamp": "2026-09-02T11:35:10.729143+00:00", "tool": "test_write_tool", "category": "application", "policy": "ASK", "decision": "ASKED", "approved": null, "reason": ""}
{"timestamp": "2026-09-02T11:35:10.730648+00:00", "tool": "test_write_tool", "category": "application", "policy": "ASK", "decision": "DENIED", "approved": false, "reason": ""}
{"timestamp": "2026-09-02T12:16:18.960061+00:00", "tool": "test_read_tool", "category": "system", "policy": "ALLOW", "decision": "ALLOWED", "approved": null, "reason": "read-only"}
{"timestamp": "2026-09-02T12:16:18.962083+00:00", "tool": "test_write_tool", "category": "application", "policy": "ASK", "decision": "ASKED", "approved": null, "reason": ""}
{"timestamp": "2026-09-02T12:16:18.964543+00:00", "tool": "test_write_tool", "category": "application", "policy": "ASK", "decision": "APPROVED", "approved": true, "reason": ""}
{"timestamp": "2026-09-02T12:16:18.975184+00:00", "tool": "test_denied_tool", "category": "memory", "policy": "DENY", "decision": "BLOCKED", "approved": null, "reason": "policy=DENY"}
{"timestamp": "2026-09-02T12:16:19.003348+00:00", "tool": "test_write_tool", "category": "application", "policy": "ASK", "decision": "ASKED", "approved": null, "reason": ""}
{"timestamp": "2026-09-02T12:16:19.005349+00:00", "tool": "test_write_tool", "category": "application", "policy": "ASK", "decision": "DENIED", "approved": false, "reason": ""}
{"timestamp": "2026-09-02T12:23:06.956974+00:00", "tool": "test_read_tool", "category": "system", "policy": "ALLOW", "decision": "ALLOWED", "approved": null, "reason": "read-only"}
{"timestamp": "2026-09-02T12:23:06.959679+00:00", "tool": "test_write_tool", "category": "application", "policy": "ASK", "decision": "ASKED", "approved": null, "reason": ""}
{"timestamp": "2026-09-02T12:23:06.962193+00:00", "tool": "test_write_tool", "category": "application", "policy": "ASK", "decision": "APPROVED", "approved": true, "reason": ""}
{"timestamp": "2026-09-02T12:23:06.974450+00:00", "tool": "test_denied_tool", "category": "memory", "policy": "DENY", "decision": "BLOCKED", "approved": null, "reason": "policy=DENY"}
{"timestamp": "2026-09-02T12:23:06.991319+00:00", "tool": "test_write_tool", "category": "application", "policy": "ASK", "decision": "ASKED", "approved": null, "reason": ""}
{"timestamp": "2026-09-02T12:23:06.992323+00:00", "tool": "test_write_tool", "category": "application", "policy": "ASK", "decision": "DENIED", "approved": false, "reason": ""}
{"timestamp": "2026-09-02T12:40:24.257318+00:00", "tool": "test_read_tool", "category": "system", "policy": "ALLOW", "decision": "ALLOWED", "approved": null, "reason": "read-only"}
{"timestamp": "2026-09-02T12:40:24.261384+00:00", "tool": "test_write_tool", "category": "application", "policy": "ASK", "decision": "ASKED", "approved": null, "reason": ""}
{"timestamp": "2026-09-02T12:40:24.261384+00:00", "tool": "test_write_tool", "category": "application", "policy": "ASK", "decision": "APPROVED", "approved": true, "reason": ""}
{"timestamp": "2026-09-02T12:40:24.276547+00:00", "tool": "test_denied_tool", "category": "memory", "policy": "DENY", "decision": "BLOCKED", "approved": null, "reason": "policy=DENY"}
{"timestamp": "2026-09-02T12:40:24.291175+00:00", "tool": "test_write_tool", "category": "application", "policy": "ASK", "decision": "ASKED", "approved": null, "reason": ""}
{"timestamp": "2026-09-02T12:40:24.293189+00:00", "tool": "test_write_tool", "category": "application", "policy": "ASK", "decision": "DENIED", "approved": false, "reason": ""}
{"timestamp": "2026-09-02T12:41:46.543005+00:00", "tool": "test_read_tool", "category": "system", "policy": "ALLOW", "decision": "ALLOWED", "approved": null, "reason": "read-only"}
{"timestamp": "2026-09-02T12:41:46.546810+00:00", "tool": "test_write_tool", "category": "application", "policy": "ASK", "decision": "ASKED", "approved": null, "reason": ""}
{"timestamp": "2026-09-02T12:41:46.549832+00:00", "tool": "test_write_tool", "category": "application", "policy": "ASK", "decision": "APPROVED", "approved": true, "reason": ""}
{"timestamp": "2026-09-02T12:41:46.560144+00:00", "tool": "test_denied_tool", "category": "memory", "policy": "DENY", "decision": "BLOCKED", "approved": null, "reason": "policy=DENY"}
{"timestamp": "2026-09-02T12:41:46.573705+00:00", "tool": "test_write_tool", "category": "application", "policy": "ASK", "decision": "ASKED", "approved": null, "reason": ""}
{"timestamp": "2026-09-02T12:41:46.573705+00:00", "tool": "test_write_tool", "category": "application", "policy": "ASK", "decision": "DENIED", "approved": false, "reason": ""}
{"timestamp": "2026-09-02T12:42:52.262551+00:00", "tool": "write_file", "category": "file", "policy": "DENY", "decision": "BLOCKED", "approved": null, "reason": "policy=DENY"}
{"timestamp": "2026-09-02T12:42:52.271456+00:00", "tool": "write_file", "category": "file", "policy": "ALLOW", "decision": "ALLOWED", "approved": null, "reason": ""}
{"timestamp": "2026-09-02T12:42:52.284364+00:00", "tool": "write_file", "category": "file", "policy": "ASK", "decision": "ASKED", "approved": null, "reason": ""}
{"timestamp": "2026-09-02T12:42:52.288687+00:00", "tool": "write_file", "category": "file", "policy": "ASK", "decision": "APPROVED", "approved": true, "reason": ""}
{"timestamp": "2026-09-02T12:42:52.294630+00:00", "tool": "write_file", "category": "file", "policy": "ASK", "decision": "ASKED", "approved": null, "reason": ""}
{"timestamp": "2026-09-02T12:42:52.298837+00:00", "tool": "write_file", "category": "file", "policy": "ASK", "decision": "APPROVED", "approved": true, "reason": ""}
{"timestamp": "2026-09-02T12:42:52.304274+00:00", "tool": "write_file", "category": "file", "policy": "DENY", "decision": "BLOCKED", "approved": null, "reason": "policy=DENY"}
{"timestamp": "2026-09-02T12:42:52.306835+00:00", "tool": "write_file", "category": "file", "policy": "ASK", "decision": "ASKED", "approved": null, "reason": ""}
{"timestamp": "2026-09-02T12:42:52.308844+00:00", "tool": "write_file", "category": "file", "policy": "ASK", "decision": "APPROVED", "approved": true, "reason": ""}
{"timestamp": "2026-09-02T16:52:13.420265+00:00", "tool": "write_file", "category": "file", "policy": "DENY", "decision": "BLOCKED", "approved": null, "reason": "policy=DENY"}
{"timestamp": "2026-09-02T16:52:13.428793+00:00", "tool": "write_file", "category": "file", "policy": "ALLOW", "decision": "ALLOWED", "approved": null, "reason": ""}
{"timestamp": "2026-09-02T16:52:13.438491+00:00", "tool": "write_file", "category": "file", "policy": "ASK", "decision": "ASKED", "approved": null, "reason": ""}
{"timestamp": "2026-09-02T16:52:13.440616+00:00", "tool": "write_file", "category": "file", "policy": "ASK", "decision": "APPROVED", "approved": true, "reason": ""}
{"timestamp": "2026-09-02T16:52:13.448732+00:00", "tool": "write_file", "category": "file", "policy": "ASK", "decision": "ASKED", "approved": null, "reason": ""}
{"timestamp": "2026-09-02T16:52:13.448732+00:00", "tool": "write_file", "category": "file", "policy": "ASK", "decision": "APPROVED", "approved": true, "reason": ""}
{"timestamp": "2026-09-02T16:52:13.460759+00:00", "tool": "write_file", "category": "file", "policy": "DENY", "decision": "BLOCKED", "approved": null, "reason": "policy=DENY"}
{"timestamp": "2026-09-02T16:52:13.463820+00:00", "tool": "write_file", "category": "file", "policy": "ASK", "decision": "ASKED", "approved": null, "reason": ""}
{"timestamp": "2026-09-02T16:52:13.465903+00:00", "tool": "write_file", "category": "file", "policy": "ASK", "decision": "APPROVED", "approved": true, "reason": ""}
{"timestamp": "2026-09-02T18:43:36.640483+00:00", "tool": "write_file", "category": "file", "policy": "DENY", "decision": "BLOCKED", "approved": null, "reason": "policy=DENY"}
{"timestamp": "2026-09-02T18:43:36.647216+00:00", "tool": "write_file", "category": "file", "policy": "ALLOW", "decision": "ALLOWED", "approved": null, "reason": ""}
{"timestamp": "2026-09-02T18:43:36.655463+00:00", "tool": "write_file", "category": "file", "policy": "ASK", "decision": "ASKED", "approved": null, "reason": ""}
{"timestamp": "2026-09-02T18:43:36.655463+00:00", "tool": "write_file", "category": "file", "policy": "ASK", "decision": "APPROVED", "approved": true, "reason": ""}
{"timestamp": "2026-09-02T18:43:36.659459+00:00", "tool": "write_file", "category": "file", "policy": "ASK", "decision": "ASKED", "approved": null, "reason": ""}
{"timestamp": "2026-09-02T18:43:36.666398+00:00", "tool": "write_file", "category": "file", "policy": "ASK", "decision": "APPROVED", "approved": true, "reason": ""}
{"timestamp": "2026-09-02T18:43:36.676223+00:00", "tool": "write_file", "category": "file", "policy": "DENY", "decision": "BLOCKED", "approved": null, "reason": "policy=DENY"}
{"timestamp": "2026-09-02T18:43:36.676223+00:00", "tool": "write_file", "category": "file", "policy": "ASK", "decision": "ASKED", "approved": null, "reason": ""}
{"timestamp": "2026-09-02T18:43:36.680625+00:00", "tool": "write_file", "category": "file", "policy": "ASK", "decision": "APPROVED", "approved": true, "reason": ""}
{"timestamp": "2026-09-02T18:49:35.088265+00:00", "tool": "test_read_tool", "category": "system", "policy": "ALLOW", "decision": "ALLOWED", "approved": null, "reason": "read-only"}
{"timestamp": "2026-09-02T18:49:35.090292+00:00", "tool": "test_write_tool", "category": "application", "policy": "ASK", "decision": "ASKED", "approved": null, "reason": ""}
{"timestamp": "2026-09-02T18:49:35.092383+00:00", "tool": "test_write_tool", "category": "application", "policy": "ASK", "decision": "APPROVED", "approved": true, "reason": ""}
{"timestamp": "2026-09-02T18:49:35.104154+00:00", "tool": "test_denied_tool", "category": "memory", "policy": "DENY", "decision": "BLOCKED", "approved": null, "reason": "policy=DENY"}
{"timestamp": "2026-09-02T18:49:35.119016+00:00", "tool": "test_write_tool", "category": "application", "policy": "ASK", "decision": "ASKED", "approved": null, "reason": ""}
{"timestamp": "2026-09-02T18:49:35.120026+00:00", "tool": "test_write_tool", "category": "application", "policy": "ASK", "decision": "DENIED", "approved": false, "reason": ""}
{"timestamp": "2026-09-02T18:52:21.228295+00:00", "tool": "write_file", "category": "file", "policy": "DENY", "decision": "BLOCKED", "approved": null, "reason": "policy=DENY"}
{"timestamp": "2026-09-02T18:52:21.235685+00:00", "tool": "write_file", "category": "file", "policy": "ALLOW", "decision": "ALLOWED", "approved": null, "reason": ""}
{"timestamp": "2026-09-02T18:52:21.242833+00:00", "tool": "write_file", "category": "file", "policy": "ASK", "decision": "ASKED", "approved": null, "reason": ""}
{"timestamp": "2026-09-02T18:52:21.245639+00:00", "tool": "write_file", "category": "file", "policy": "ASK", "decision": "APPROVED", "approved": true, "reason": ""}
{"timestamp": "2026-09-02T18:52:21.253454+00:00", "tool": "write_file", "category": "file", "policy": "ASK", "decision": "ASKED", "approved": null, "reason": ""}
{"timestamp": "2026-09-02T18:52:21.255466+00:00", "tool": "write_file", "category": "file", "policy": "ASK", "decision": "APPROVED", "approved": true, "reason": ""}
{"timestamp": "2026-09-02T18:52:21.261813+00:00", "tool": "write_file", "category": "file", "policy": "DENY", "decision": "BLOCKED", "approved": null, "reason": "policy=DENY"}
{"timestamp": "2026-09-02T18:52:21.265576+00:00", "tool": "write_file", "category": "file", "policy": "ASK", "decision": "ASKED", "approved": null, "reason": ""}
{"timestamp": "2026-09-02T18:52:21.267785+00:00", "tool": "write_file", "category": "file", "policy": "ASK", "decision": "APPROVED", "approved": true, "reason": ""}
{"timestamp": "2026-09-02T19:01:27.192788+00:00", "tool": "test_tool", "category": "general", "policy": "ASK", "decision": "ALLOWED", "approved": null, "reason": "read-only"}
{"timestamp": "2026-09-02T19:01:27.258418+00:00", "tool": "test_tool", "category": "general", "policy": "ASK", "decision": "ALLOWED", "approved": null, "reason": "read-only"}
{"timestamp": "2026-09-03T11:48:16.783061+00:00", "tool": "test_read_tool", "category": "system", "policy": "ALLOW", "decision": "ALLOWED", "approved": null, "reason": "read-only"}
{"timestamp": "2026-09-03T11:48:16.800614+00:00", "tool": "test_write_tool", "category": "application", "policy": "ASK", "decision": "ASKED", "approved": null, "reason": ""}
{"timestamp": "2026-09-03T11:48:16.803695+00:00", "tool": "test_write_tool", "category": "application", "policy": "ASK", "decision": "APPROVED", "approved": true, "reason": ""}
{"timestamp": "2026-09-03T11:48:16.818063+00:00", "tool": "test_denied_tool", "category": "memory", "policy": "DENY", "decision": "BLOCKED", "approved": null, "reason": "policy=DENY"}
{"timestamp": "2026-09-03T11:48:16.832842+00:00", "tool": "test_write_tool", "category": "application", "policy": "ASK", "decision": "ASKED", "approved": null, "reason": ""}
{"timestamp": "2026-09-03T11:48:16.837442+00:00", "tool": "test_write_tool", "category": "application", "policy": "ASK", "decision": "DENIED", "approved": false, "reason": ""}
{"timestamp": "2026-09-03T13:02:48.025198+00:00", "tool": "test_read_tool", "category": "system", "policy": "ALLOW", "decision": "ALLOWED", "approved": null, "reason": "read-only"}
{"timestamp": "2026-09-03T13:02:48.026456+00:00", "tool": "test_write_tool", "category": "application", "policy": "ASK", "decision": "ASKED", "approved": null, "reason": ""}
{"timestamp": "2026-09-03T13:02:48.026456+00:00", "tool": "test_write_tool", "category": "application", "policy": "ASK", "decision": "APPROVED", "approved": true, "reason": ""}
{"timestamp": "2026-09-03T13:02:48.030965+00:00", "tool": "test_denied_tool", "category": "memory", "policy": "DENY", "decision": "BLOCKED", "approved": null, "reason": "policy=DENY"}
{"timestamp": "2026-09-03T13:02:48.037397+00:00", "tool": "test_write_tool", "category": "application", "policy": "ASK", "decision": "ASKED", "approved": null, "reason": ""}
{"timestamp": "2026-09-03T13:02:48.038400+00:00", "tool": "test_write_tool", "category": "application", "policy": "ASK", "decision": "DENIED", "approved": false, "reason": ""}
{"timestamp": "2026-09-03T13:18:47.427585+00:00", "tool": "write_file", "category": "file", "policy": "DENY", "decision": "BLOCKED", "approved": null, "reason": "policy=DENY"}
{"timestamp": "2026-09-03T13:18:47.430603+00:00", "tool": "write_file", "category": "file", "policy": "ALLOW", "decision": "ALLOWED", "approved": null, "reason": ""}
{"timestamp": "2026-09-03T13:18:47.432767+00:00", "tool": "write_file", "category": "file", "policy": "ASK", "decision": "ASKED", "approved": null, "reason": ""}
{"timestamp": "2026-09-03T13:18:47.432767+00:00", "tool": "write_file", "category": "file", "policy": "ASK", "decision": "APPROVED", "approved": true, "reason": ""}
{"timestamp": "2026-09-03T13:18:47.435277+00:00", "tool": "write_file", "category": "file", "policy": "ASK", "decision": "ASKED", "approved": null, "reason": ""}
{"timestamp": "2026-09-03T13:18:47.435277+00:00", "tool": "write_file", "category": "file", "policy": "ASK", "decision": "APPROVED", "approved": true, "reason": ""}
{"timestamp": "2026-09-03T13:18:47.438288+00:00", "tool": "write_file", "category": "file", "policy": "DENY", "decision": "BLOCKED", "approved": null, "reason": "policy=DENY"}
{"timestamp": "2026-09-03T13:18:47.438288+00:00", "tool": "write_file", "category": "file", "policy": "ASK", "decision": "ASKED", "approved": null, "reason": ""}
{"timestamp": "2026-09-03T13:18:47.438792+00:00", "tool": "write_file", "category": "file", "policy": "ASK", "decision": "APPROVED", "approved": true, "reason": ""}
{"timestamp": "2026-09-03T13:21:32.166693+00:00", "tool": "test_read_tool", "category": "system", "policy": "ALLOW", "decision": "ALLOWED", "approved": null, "reason": "read-only"}
{"timestamp": "2026-09-03T13:21:32.167695+00:00", "tool": "test_write_tool", "category": "application", "policy": "ASK", "decision": "ASKED", "approved": null, "reason": ""}
{"timestamp": "2026-09-03T13:21:32.167695+00:00", "tool": "test_write_tool", "category": "application", "policy": "ASK", "decision": "APPROVED", "approved": true, "reason": ""}
{"timestamp": "2026-09-03T13:21:32.175743+00:00", "tool": "test_denied_tool", "category": "memory", "policy": "DENY", "decision": "BLOCKED", "approved": null, "reason": "policy=DENY"}
{"timestamp": "2026-09-03T13:21:32.185404+00:00", "tool": "test_write_tool", "category": "application", "policy": "ASK", "decision": "ASKED", "approved": null, "reason": ""}
{"timestamp": "2026-09-03T13:21:32.185916+00:00", "tool": "test_write_tool", "category": "application", "policy": "ASK", "decision": "DENIED", "approved": false, "reason": ""}
{"timestamp": "2026-09-03T13:34:17.752717+00:00", "tool": "write_file", "category": "file", "policy": "DENY", "decision": "BLOCKED", "approved": null, "reason": "policy=DENY"}
{"timestamp": "2026-09-03T13:34:17.756128+00:00", "tool": "write_file", "category": "file", "policy": "ALLOW", "decision": "ALLOWED", "approved": null, "reason": ""}
{"timestamp": "2026-09-03T13:34:17.756631+00:00", "tool": "write_file", "category": "file", "policy": "ASK", "decision": "ASKED", "approved": null, "reason": ""}
{"timestamp": "2026-09-03T13:34:17.756631+00:00", "tool": "write_file", "category": "file", "policy": "ASK", "decision": "APPROVED", "approved": true, "reason": ""}
{"timestamp": "2026-09-03T13:34:17.760726+00:00", "tool": "write_file", "category": "file", "policy": "ASK", "decision": "ASKED", "approved": null, "reason": ""}
{"timestamp": "2026-09-03T13:34:17.760726+00:00", "tool": "write_file", "category": "file", "policy": "ASK", "decision": "APPROVED", "approved": true, "reason": ""}
{"timestamp": "2026-09-03T13:34:17.763524+00:00", "tool": "write_file", "category": "file", "policy": "DENY", "decision": "BLOCKED", "approved": null, "reason": "policy=DENY"}
{"timestamp": "2026-09-03T13:34:17.763524+00:00", "tool": "write_file", "category": "file", "policy": "ASK", "decision": "ASKED", "approved": null, "reason": ""}
{"timestamp": "2026-09-03T13:34:17.763524+00:00", "tool": "write_file", "category": "file", "policy": "ASK", "decision": "APPROVED", "approved": true, "reason": ""}
{"timestamp": "2026-09-03T13:36:55.587882+00:00", "tool": "test_read_tool", "category": "system", "policy": "ALLOW", "decision": "ALLOWED", "approved": null, "reason": "read-only"}
{"timestamp": "2026-09-03T13:36:55.587882+00:00", "tool": "test_write_tool", "category": "application", "policy": "ASK", "decision": "ASKED", "approved": null, "reason": ""}
{"timestamp": "2026-09-03T13:36:55.587882+00:00", "tool": "test_write_tool", "category": "application", "policy": "ASK", "decision": "APPROVED", "approved": true, "reason": ""}
{"timestamp": "2026-09-03T13:36:55.594037+00:00", "tool": "test_denied_tool", "category": "memory", "policy": "DENY", "decision": "BLOCKED", "approved": null, "reason": "policy=DENY"}
{"timestamp": "2026-09-03T13:36:55.600935+00:00", "tool": "test_write_tool", "category": "application", "policy": "ASK", "decision": "ASKED", "approved": null, "reason": ""}
{"timestamp": "2026-09-03T13:36:55.600935+00:00", "tool": "test_write_tool", "category": "application", "policy": "ASK", "decision": "DENIED", "approved": false, "reason": ""}
{"timestamp": "2026-09-03T13:55:06.562780+00:00", "tool": "write_file", "category": "file", "policy": "DENY", "decision": "BLOCKED", "approved": null, "reason": "policy=DENY"}
{"timestamp": "2026-09-03T13:55:06.566799+00:00", "tool": "write_file", "category": "file", "policy": "ALLOW", "decision": "ALLOWED", "approved": null, "reason": ""}
{"timestamp": "2026-09-03T13:55:06.572162+00:00", "tool": "write_file", "category": "file", "policy": "ASK", "decision": "ASKED", "approved": null, "reason": ""}
{"timestamp": "2026-09-03T13:55:06.572162+00:00", "tool": "write_file", "category": "file", "policy": "ASK", "decision": "APPROVED", "approved": true, "reason": ""}
{"timestamp": "2026-09-03T13:55:06.576176+00:00", "tool": "write_file", "category": "file", "policy": "ASK", "decision": "ASKED", "approved": null, "reason": ""}
{"timestamp": "2026-09-03T13:55:06.576176+00:00", "tool": "write_file", "category": "file", "policy": "ASK", "decision": "APPROVED", "approved": true, "reason": ""}
{"timestamp": "2026-09-03T13:55:06.579154+00:00", "tool": "write_file", "category": "file", "policy": "DENY", "decision": "BLOCKED", "approved": null, "reason": "policy=DENY"}
{"timestamp": "2026-09-03T13:55:06.580163+00:00", "tool": "write_file", "category": "file", "policy": "ASK", "decision": "ASKED", "approved": null, "reason": ""}
{"timestamp": "2026-09-03T13:55:06.580163+00:00", "tool": "write_file", "category": "file", "policy": "ASK", "decision": "APPROVED", "approved": true, "reason": ""}
{"timestamp": "2026-09-03T13:57:55.196039+00:00", "tool": "test_read_tool", "category": "system", "policy": "ALLOW", "decision": "ALLOWED", "approved": null, "reason": "read-only"}
{"timestamp": "2026-09-03T13:57:55.197041+00:00", "tool": "test_write_tool", "category": "application", "policy": "ASK", "decision": "ASKED", "approved": null, "reason": ""}
{"timestamp": "2026-09-03T13:57:55.197543+00:00", "tool": "test_write_tool", "category": "application", "policy": "ASK", "decision": "APPROVED", "approved": true, "reason": ""}
{"timestamp": "2026-09-03T13:57:55.207783+00:00", "tool": "test_denied_tool", "category": "memory", "policy": "DENY", "decision": "BLOCKED", "approved": null, "reason": "policy=DENY"}
{"timestamp": "2026-09-03T13:57:55.217134+00:00", "tool": "test_write_tool", "category": "application", "policy": "ASK", "decision": "ASKED", "approved": null, "reason": ""}
{"timestamp": "2026-09-03T13:57:55.217134+00:00", "tool": "test_write_tool", "category": "application", "policy": "ASK", "decision": "DENIED", "approved": false, "reason": ""}
{"timestamp": "2026-09-03T14:53:22.323352+00:00", "tool": "write_file", "category": "file", "policy": "DENY", "decision": "BLOCKED", "approved": null, "reason": "policy=DENY"}
{"timestamp": "2026-09-03T14:53:22.325383+00:00", "tool": "write_file", "category": "file", "policy": "ALLOW", "decision": "ALLOWED", "approved": null, "reason": ""}
{"timestamp": "2026-09-03T14:53:22.327394+00:00", "tool": "write_file", "category": "file", "policy": "ASK", "decision": "ASKED", "approved": null, "reason": ""}
{"timestamp": "2026-09-03T14:53:22.328443+00:00", "tool": "write_file", "category": "file", "policy": "ASK", "decision": "APPROVED", "approved": true, "reason": ""}
{"timestamp": "2026-09-03T14:53:22.330515+00:00", "tool": "write_file", "category": "file", "policy": "ASK", "decision": "ASKED", "approved": null, "reason": ""}
{"timestamp": "2026-09-03T14:53:22.330515+00:00", "tool": "write_file", "category": "file", "policy": "ASK", "decision": "APPROVED", "approved": true, "reason": ""}
{"timestamp": "2026-09-03T14:53:22.333536+00:00", "tool": "write_file", "category": "file", "policy": "DENY", "decision": "BLOCKED", "approved": null, "reason": "policy=DENY"}
{"timestamp": "2026-09-03T14:53:22.333536+00:00", "tool": "write_file", "category": "file", "policy": "ASK", "decision": "ASKED", "approved": null, "reason": ""}
{"timestamp": "2026-09-03T14:53:22.333536+00:00", "tool": "write_file", "category": "file", "policy": "ASK", "decision": "APPROVED", "approved": true, "reason": ""}
{"timestamp": "2026-09-03T14:56:06.593850+00:00", "tool": "test_read_tool", "category": "system", "policy": "ALLOW", "decision": "ALLOWED", "approved": null, "reason": "read-only"}
{"timestamp": "2026-09-03T14:56:06.593850+00:00", "tool": "test_write_tool", "category": "application", "policy": "ASK", "decision": "ASKED", "approved": null, "reason": ""}
{"timestamp": "2026-09-03T14:56:06.593850+00:00", "tool": "test_write_tool", "category": "application", "policy": "ASK", "decision": "APPROVED", "approved": true, "reason": ""}
{"timestamp": "2026-09-03T14:56:06.599942+00:00", "tool": "test_denied_tool", "category": "memory", "policy": "DENY", "decision": "BLOCKED", "approved": null, "reason": "policy=DENY"}
{"timestamp": "2026-09-03T14:56:06.607493+00:00", "tool": "test_write_tool", "category": "application", "policy": "ASK", "decision": "ASKED", "approved": null, "reason": ""}
{"timestamp": "2026-09-03T14:56:06.608493+00:00", "tool": "test_write_tool", "category": "application", "policy": "ASK", "decision": "DENIED", "approved": false, "reason": ""}
